BSE:5PAISA ,5PAISA CAPITAL LIMITED
BSE:7NR ,7NR RETAIL LIMITED
BSE:8KMILES ,8K MILES SOFTWARE SERVICES LTD
BSE:AAIL ,AKAR AUTO INDUSTRIES LIMITED
BSE:AANANDALAK ,AANANDA LAKSHMI SPINNING MILLS
BSE:AARNAV ,AARNAV FASHIONS LIMITED
BSE:ABAN ,ABAN OFFSHORE LTD.
BSE:ABMKNO ,ABM KNOWLEDGEWARE LTD.
BSE:ACCEL ,ACCEL LIMITED
BSE:ACEMEN ,ACE MEN ENGG WORKS LIMITED
BSE:ACEWIN ,ACEWIN AGRITECK LIMITED
BSE:ACHAL ,ACHAL INVESTMENTS LTD
BSE:ACIIN ,ACI INFOCOM LTD.
BSE:ACML ,ADITYA CONSUMER MARKETING LIMI
BSE:ADANIENT ,ADANI ENTERPRISES LTD.
BSE:ADANIGREEN ,ADANI GREEN ENERGY LIMITED
BSE:ADFFOODS ,ADF FOODS LTD.
BSE:ADITRI ,ADITRI INDUSTRIES LIMITED
BSE:ADITYA ,ADITYA ISPAT LTD.
BSE:ADMANUM ,AD:MANUM FINANCE LTD.
BSE:ADVENT ,ADVENT COMPUTER SERVICES LTD.
BSE:ADVENZYMES ,ADVANCED ENZYME TECHNOLOGIES L
BSE:ADVIKLA ,ADVIK LABORATORIES LTD.
BSE:ADVITIYA ,ADVITIYA TRADE INDIA LIMITED
BSE:AEL ,AMBA ENTERPRISES LTD.
BSE:AFEL ,A.F. ENTERPRISES LTD
BSE:AFFLE ,AFFLE (INDIA) LIMITED
BSE:AGIIL ,AGI INFRA LIMITED
BSE:AHLWEST ,ASIAN HOTELS (WEST) LTD.
BSE:AIFL ,ASHAPURA INTIMATES FASHION LTD
BSE:AIMCOPEST ,AIMCO PESTICIDES LTD.
BSE:AIML ,ALLIANCE INTEGRATED METALIKS L
BSE:AINFRA ,A INFRASTRUCTURE LIMITED
BSE:AJANTPHARM ,AJANTA PHARMA LTD.
BSE:AJIL ,ATLAS JEWELLERY INDIA LIMITED
BSE:AJWAFUN ,AJWA FUN WORLD & RESORT LTD.
BSE:AKI ,AKI INDIA LIMITED
BSE:AKSCHEM ,AKSHARCHEM (INDIA) LTD.
BSE:AKSPINTEX ,A.K. SPINTEX LTD.
BSE:ALCHCORP ,ALCHEMIST CORPORATION LTD.
BSE:ALFL ,ABHINAV LEASING & FINANCE LIMI
BSE:ALKA ,ALKA INDIA LTD.
BSE:ALKALI ,ALKALI METALS LTD.
BSE:ALKEM ,ALKEM LABORATORIES LIMITED
BSE:ALLSEC ,ALLSEC TECHNOLOGIES LTD.
BSE:ALOKTEXT ,ALOK INDUSTRIES LTD.
BSE:ALPA ,ALPA LABORATORIES LTD.
BSE:ALPHAGEO ,ALPHAGEO (INDIA) LTD.
BSE:AMARSEC ,AMARNATH SECURITIES LTD
BSE:AMAZEENT ,AMAZE ENTERTECH LIMITED
BSE:AMBITION ,AMBITION MICA LIMITED
BSE:AMCOIND ,AMCO INDIA LTD.
BSE:AMFORG ,AMFORGE INDUSTRIES LTD.
BSE:AMITINT ,AMIT INTERNATIONAL LTD.
BSE:AMITSEC ,AMIT SECURITIES LTD.
BSE:AMNPLST ,AMINES & PLASTICIZERS LTD.
BSE:AMTL ,ADVANCE METERING TECHNOLOGY LT
BSE:ANANTRAJ ,ANANT RAJ LIMITED
BSE:ANDHRACEMT ,ANDHRA CEMENTS LTD.
BSE:ANDREWYU ,ANDREW YULE & COMPANY LTD.
BSE:ANISHAIMPEX ,ANISHA IMPEX LTD
BSE:ANJANI ,ANJANI SYNTHETICS LTD.
BSE:ANJANIFIN ,ANJANI FINANCE LTD.
BSE:ANJANIFOODS ,ANJANI FOODS LIMITED
BSE:ANKIN ,ANKA INDIA LTD.
BSE:ANSALAPI ,ANSAL PROPERTIES & INFRASTRUCT
BSE:ANSINDUS ,ANS INDUSTRIES LTD
BSE:ANUPAM ,ANUPAM FINSERV LIMITED
BSE:APLAYA ,APLAYA CREATIONS LIMITED
BSE:APTL ,ARTECH POWER & TRADING LIMITED
BSE:ARAVALIS ,ARAVALI SECURITIES & FINANCE L
BSE:ARCHIDPLY ,ARCHIDPLY INDUSTRIES LTD.
BSE:ARENTERP ,RAJDARSHAN INDUSTRIES LTD.
BSE:ARIES ,ARIES AGRO LTD.
BSE:ARIHANTINS ,ARIHANT INSTITUTE LIMITED
BSE:ARL ,ANAND RAYONS LIMITED
BSE:ARMANFIN ,ARMAN FINANCIAL SERVICES LTD.
BSE:ARNOLD ,ARNOLD HOLDINGS LTD
BSE:AROGRANITE ,ARO GRANITE INDUSTRIES LTD.
BSE:ARSHIYA ,ARSHIYA LIMITED
BSE:ARTEMISELC ,ARTEMIS ELECTRICALS LIMITED
BSE:ARVSMART ,ARVIND SMARTSPACES LIMITED
BSE:ARYAN ,ARYAN SHARE & STOCK BROKERS LT
BSE:ASAHISONG ,ASAHI SONGWON COLORS LTD.
BSE:ASHAI ,ASHIANA AGRO INDUSTRIES LTD.
BSE:ASHARI ,ASHARI AGENCIES LIMITED
BSE:ASHIANA ,ASHIANA HOUSING LTD.
BSE:ASHISHPO ,ASHISH POLYPLAST LTD.
BSE:ASHNI ,ASHNISHA INDUSTRIES LIMITED
BSE:ASHSI ,ASHIRWAD STEELS & INDUSTRIES L
BSE:ASIANHOTNR ,ASIAN HOTELS (NORTH) LIMITED
BSE:ASIANTNE ,ASIAN TEA & EXPORTS LTD.
BSE:ASIIL ,ASI INDUSTRIES LIMITED
BSE:ASINPET ,ASIAN PETROPRODUCTS & EXPORTS
BSE:ASITCFIN ,ASIT C.MEHTA FINANCIAL SERVICE
BSE:ASSAMCO ,ASSAM COMPANY (INDIA) LIMITED
BSE:ASTRAMICRO ,ASTRA MICROWAVE PRODUCTS LTD.
BSE:ASTRAZEN ,ASTRAZENECA PHARMA INDIA LTD.
BSE:ASTRON ,ASTRON PAPER & BOARD MILL LIMI
BSE:ASYAINFO ,ASYA INFOSOFT LIMITED
BSE:ATHARVENT ,ATHARV ENTERPRISES LTD.
BSE:ATLANTADEV ,ATLANTA DEVCON LIMITED
BSE:ATLASCYCLE ,ATLAS CYCLES (HARYANA) LTD.
BSE:AUTOIND ,AUTOLINE INDUSTRIES LTD.
BSE:AUTOLITIND ,AUTOLITE (INDIA) LTD.
BSE:AUTORIDFIN ,AUTORIDERS FINANCE LTD.
BSE:AVADHSUGAR ,AVADH SUGAR & ENERGY LIMITED
BSE:AVANCE ,AVANCE TECHNOLOGIES LTD.
BSE:AVANTEL ,AVANTEL LTD.
BSE:AVANTI ,AVANTI FEEDS LTD.
BSE:AVL ,ADITYA VISION LIMITED
BSE:AVONLIFE ,AVON LIFESCIENCES LIMITED
BSE:AVONMORE ,AVONMORE CAPITAL & MANAGEMENT
BSE:AVTNPL ,AVT NATURAL PRODUCTS LTD.
BSE:AXISCADES ,AXISCADES
BSE:AXONVL ,AXON VENTURES LIMITED
BSE:BABA ,ALIBABA GROUP HLDG LTD
BSE:BAFNAPHARM ,BAFNA PHARMACEUTICALS LTD.
BSE:BAGFILMS ,B.A.G.FILMS & MEDIA LTD.
BSE:BAJAJ_AUTO ,BAJAJ AUTO LTD.
BSE:BAJAJHIND ,BAJAJ HINDUSTHAN SUGAR LIMITED
BSE:BAJAJST ,BAJAJ STEEL INDUSTRIES LTD.
BSE:BALAMINES ,BALAJI AMINES LTD.
BSE:BALKRISHNA ,BALKRISHNA PAPER MILLS LTD.
BSE:BALKRISIND ,BALKRISHNA INDUSTRIES LTD.
BSE:BALTE ,BALURGHAT TECHNOLOGIES LTD.
BSE:BANASFN ,BANAS FINANCE LTD.
BSE:BANCOINDIA ,BANCO PRODUCTS (INDIA) LTD.
BSE:BATAINDIA ,BATA INDIA LTD.
BSE:BCLIL ,BCL INDUSTRIES LIMITED
BSE:BCP ,B.C. POWER CONTROLS LTD
BSE:BEEKAY ,BEEKAY STEEL INDUSTRIES LTD.
BSE:BEEYU ,BEEYU OVERSEAS LTD.
BSE:BEMHY ,BEMCO HYDRAULICS LTD.
BSE:BESTEAST ,BEST EASTERN HOTELS LTD.
BSE:BGLOBAL ,BHARATIYA GLOBAL INFOMEDIA LTD
BSE:BHAGIL ,BHAGERIA INDUSTRIES LIMITED
BSE:BHAGWOX ,BHAGWATI OXYGEN LTD.
BSE:BHARATGEAR ,BHARAT GEARS LTD.
BSE:BHARATRAS ,BHARAT RASAYAN LTD.
BSE:BHILSPIN ,BHILWARA SPINNERS LTD.
BSE:BI ,BILCARE LTD.
BSE:BIBCL ,BHARAT IMMUNOLOGICALS & BIOLOG
BSE:BINDALEXPO ,BINDAL EXPORTS LIMITED
BSE:BINNY ,BINNY LTD.
BSE:BIRLACOT ,BIRLA COTSYN (INDIA) LTD.
BSE:BIRLAMONEY ,ADITYA BIRLA MONEY LTD.
BSE:BIRLAPREC ,BIRLA PRECISION TECHNOLOGIES L
BSE:BITL ,BRONZE INFRA:TECH LTD.
BSE:BKMINDST ,BKM INDUSTRIES LIMITED
BSE:BLISSGVS ,BLISS GVS PHARMA LTD.
BSE:BLS ,BLS INTERNATIONAL SERVICES LTD
BSE:BLSINFOTE ,BLS INFOTECH LTD.
BSE:BLUBLND_B ,BLUE BLENDS (INDIA) LTD.
BSE:BLUECHIPT ,BLUE CHIP TEX INDUSTRIES LTD.
BSE:BLUEDART ,BLUE DART EXPRESS LTD.
BSE:BNL ,BEEKAY NIRYAT LIMITED
BSE:BNRUDY ,BNR UDYOG LTD.
BSE:BODHTREE ,BODHTREE CONSULTING LIMITED
BSE:BOMOXY_B1 ,BOMBAY OXYGEN INVESTMENTS LIMI
BSE:BPCL ,BHARAT PETROLEUM CORPORATION L
BSE:BRFL ,BOMBAY RAYON FASHIONS LTD.
BSE:BRIDGESE ,BRIDGE SECURITIES LTD.
BSE:BRIGHTBR ,BRIGHT BROTHERS LTD.
BSE:BRIJLEAS ,BRIJLAXMI LEASING & FINANCE LT
BSE:BSLRIFS2RG ,ADITYA BIRLA SUN LIFE MUTUAL F
BSE:BSOFT ,BIRLASOFT LIMITED
BSE:BTSYN ,B.T. SYNDICATE LIMITED
BSE:BVL ,BLUEBLOOD VENTURES LIMITED
BSE:CALCOM ,CALCOM VISION LTD.
BSE:CAMEXLTD ,CAMEX LTD.
BSE:CAMLINFINE ,CAMLIN FINE SCIENCES LTD
BSE:CANDC ,C & C CONSTRUCTIONS LTD.
BSE:CAPPIPES ,CAPTAIN PIPES LIMITED
BSE:CAPRO ,CAPROLACTAM CHEMICALS LTD.
BSE:CAREERP ,CAREER POINT LTD.
BSE:CASTROLIND ,CASTROL INDIA LTD.
BSE:CCCL ,CONSOLIDATED CONSTRUCTION CONS
BSE:CCFCL ,CLASSIC GLOBAL FINANCE & CAPIT
BSE:CCHHL ,COUNTRY CLUB HOSPITALITY AND H
BSE:CEATLTD ,CEAT LTD.
BSE:CEETAIN ,CEETA INDUSTRIES LTD.
BSE:CENTEXT ,CENTURY EXTRUSIONS LTD.
BSE:CENTURYPLY ,CENTURY PLYBOARDS (I) LTD.
BSE:CENTURYTEX ,CENTURY TEXTILES & INDUSTRIES
BSE:CHAMANSEQ ,CHAMAN LAL SETIA EXPORTS LTD.
BSE:CHANDNIMACH ,CHANDNI MACHINES LIMITED
BSE:CHANDRAP ,CHANDRA PRABHU INTERNATIONAL L
BSE:CHCL ,CIAN HEALTHCARE LIMITED
BSE:CHDCHEM ,CHD CHEMICALS LIMITED
BSE:CHDDLTD ,CHD DEVELOPERS LTD.
BSE:CHEMFABALKA ,CHEMFAB ALKALIS LTD
BSE:CHEMTECH ,CHEMTECH INDUSTRIAL VALVES LTD
BSE:CHENFERRO ,CHENNAI FERROUS INDUSTRIES LIM
BSE:CHENNPETRO ,CHENNAI PETROLEUM CORPORATION
BSE:CHMBBRW ,CHAMBAL BREWERIES & DISTILLERI
BSE:CHORDIA ,CHORDIA FOOD PRODUCTS LTD.
BSE:CHROMATIC ,CHROMATIC INDIA LTD.
BSE:CIFL ,CAPITAL INDIA FINANCE LIMITED
BSE:CIGNITI ,CIGNITI TECHNOLOGIES LTD.
BSE:CIMMCO ,CIMMCO LTD.
BSE:CINELINE ,CINELINE INDIA LIMITED
BSE:CINERAD ,CINERAD COMMUNICATIONS LTD.
BSE:CINEVISTA ,CINEVISTA LTD.
BSE:CISTRO ,CISTRO TELELINK LTD.
BSE:CITYMAN ,CITYMAN LTD.
BSE:CITYONLINE ,CITY ONLINE SERVICES LIMITED
BSE:CKFSL ,COX & KINGS FINANCIAL SERVICE
BSE:CLLIMITED ,CRESCENT LEASING LIMITED
BSE:CMMHOSP ,CHENNAI MEENAKSHI MULTISPECIAL
BSE:CNIRESLTD ,CNI RESEARCH LTD.
BSE:COASTCORP ,COASTAL CORPORATION LTD.
BSE:COCHINSHIP ,COCHIN SHIPYARD LIMITED
BSE:COLINZ ,COLINZ LABORATORIES LTD.
BSE:COLORCHIPS ,COLORCHIPS NEW MEDIA LIMITED
BSE:COMFINCAP ,COMFORT FINCAP LTD.
BSE:COMFINTE ,COMFORT INTECH LTD.
BSE:COMMEXTECH ,COMMEX TECHNOLOGY LIMITED
BSE:COMPUSOFT ,COMPUCOM SOFTWARE LTD.
BSE:CONCOR ,CONTAINER CORPORATION OF INDIA
BSE:CONFINT ,CONFIDENCE FINANCE AND TRADING
BSE:CONFIPET ,CONFIDENCE PETROLEUM INDIA LTD
BSE:CONTAINER ,CONTAINERWAY INTERNATIONAL LIM
BSE:CONTCHM ,CONTINENTAL CHEMICALS LTD.
BSE:CORDSCABLE ,CORDS CABLE INDUSTRIES LTD.
BSE:COROENGG ,COROMANDEL ENGINEERING COMPANY
BSE:COROMANDEL ,COROMANDEL INTERNATIONAL LTD.
BSE:CORPBANK ,CORPORATION BANK
BSE:COVENTRY ,COVENTRY COIL:O:MATIC (HARYANA
BSE:COVIDH ,COVIDH
BSE:COX_KINGS ,COX & KINGS LIMITED
BSE:CPL ,CAPTAIN POLYPLAST LTD
BSE:CRAVATEX ,CRAVATEX LTD.
BSE:CREDITACC ,CREDITACCESS GRAMEEN LTD.
BSE:CRESSAN ,CRESSANDA SOLUTIONS LTD.
BSE:CREST ,CREST
BSE:CRMFGETF ,CANARA ROBECO MUTUAL FUND : CA
BSE:CROWNTOURS ,CROWN TOURS LTD
BSE:CRSTCHM ,CRESTCHEM LTD.
BSE:CSL ,CONTINENTAL SECURITIES LIMITED
BSE:CSURGSU ,CENTENIAL SURGICAL SUTURE LTD.
BSE:CUPID ,CUPID LTD.
BSE:CURATECH ,CURA TECHNOLOGIES LTD.
BSE:CYBELEIND ,CYBELE INDUSTRIES LTD.
BSE:CYBERMEDIA ,CYBER MEDIA (INDIA) LTD.
BSE:DAAWAT ,LT FOODS LTD.
BSE:DABUR ,DABUR INDIA LTD.
BSE:DACEFRG ,DSP BLACKROCK MUTUAL FUND
BSE:DALBHARAT ,DALMIA BHARAT LIMITED
BSE:DAMOINDUS ,DAMODAR INDUSTRIES LTD.
BSE:DANUBE ,DANUBE INDUSTRIES LIMITED
BSE:DARSHANORNA ,DARSHAN ORNA LIMITED
BSE:DATAMATICS ,DATAMATICS GLOBAL SERVICES LTD
BSE:DAULAT ,DAULAT SECURITIES LTD.
BSE:DBREALTY ,D B REALTY LTD
BSE:DCMSHRIRAM ,DCM SHRIRAM LIMITED
BSE:DCW ,DCW LTD.
BSE:DECCAN ,DECCAN HEALTH CARE LIMITED
BSE:DECOMIC ,DECO:MICA LTD.
BSE:DEEPAKFERT ,DEEPAK FERTILISERS & PETROCHEM
BSE:DELTA ,DELTA INDUSTRIAL RESOURCES LIM
BSE:DELTAMAGNT ,DELTA MAGNETS LTD.
BSE:DENISCHEM ,DENIS CHEM LAB LTD
BSE:DEVKI ,DEVKI LEASING & FINANCE LTD.
BSE:DHAMPURSUG ,DHAMPUR SUGAR MILLS LTD.
BSE:DHANADACO ,DHANADA CORPORATION LTD.
BSE:DHANFAB ,DHANLAXMI FABRICS LTD.
BSE:DHANROTO ,DHANALAXMI ROTO SPINNERS LTD.
BSE:DHANVARSHA ,DHANVARSHA FINVEST LIMITED
BSE:DHARFIN ,DHARANI FINANCE LTD.
BSE:DHARSUGAR ,DHARANI SUGARS & CHEMICALS LTD
BSE:DHENUBUILD ,DHENU BUILDCON INFRA LTD.
BSE:DHINDIA ,D&H INDIA LTD
BSE:DHRUVES ,DHRUV ESTATES LTD.
BSE:DHUNTEAIND ,DHUNSERI TEA & INDUSTRIES LTD
BSE:DIAMANT ,DIAMANT INFRASTRUCTURE LIMITED
BSE:DIANATEA ,DIANA TEA CO.LTD.
BSE:DIVINUS ,DIVINUS FABRICS LTD
BSE:DIVSHKT ,DIVYASHAKTI GRANITES LTD.
BSE:DLCL ,DR LALCHANDANI LABS LIMITED
BSE:DNAMEDIA ,DILIGENT MEDIA CORPORATION LIM
BSE:DOLPHMED ,DOLPHIN MEDICAL SERVICES LTD.
BSE:DONEAR ,DONEAR INDUSTRIES LTD.
BSE:DRAGARWQ ,DR.AGARWALS EYE HOSPITAL LTD.
BSE:DREDGECORP ,DREDGING CORPORATION OF INDIA
BSE:DRHABEEB ,DR HABEEBULLAH LIFE SCIENCES L
BSE:DRREDDY ,DR.REDDYS LABORATORIES LTD.
BSE:DUCON ,DUCON INFRATECHNOLOGIES LTD
BSE:DUKEOFS ,DUKE OFFSHORE LTD.
BSE:DYNAMICP ,DYNAMIC PORTFOLIO MANAGEMENT &
BSE:EARUM ,EARUM PHARMACEUTICALS LIMITED
BSE:EASTSILK ,EASTERN SILK INDUSTRIES LTD.
BSE:EASUNREYRL ,EASUN REYROLLE LTD.
BSE:ECOBOAR ,ECOBOARD INDUSTRIES LTD.
BSE:ECOPLAST ,ECOPLAST LTD.
BSE:EDSL ,EDYNAMICS SOLUTIONS LTD.
BSE:EIDPARRY ,E.I.D.:PARRY (INDIA) LTD.
BSE:EKAMLEA ,EKAM LEASING & FINANCE CO.LTD.
BSE:ELANGO ,ELANGO INDUSTRIES LTD.
BSE:ELECTCAST ,ELECTROSTEEL CASTINGS LTD.
BSE:EMAINDIA ,EMA INDIA LTD.
BSE:EMAMIREAL ,EMAMI REALTY LIMITED
BSE:EMCO ,EMCO LTD.
BSE:EMERALD ,EMERALD LEASING FINANCE & INVE
BSE:EMERALL ,EMERALD LEISURES LIMITED
BSE:EML ,EJECTA MARKETING LIMITED
BSE:EMPEESUG ,EMPEE SUGARS & CHEMICALS LTD.
BSE:EMPOWER ,EMPOWER INDIA LTD.
BSE:ENERGYDEV ,ENERGY DEVELOPMENT COMPANY LTD
BSE:ENVAIREL ,ENVAIR ELECTRODYNE LTD.
BSE:EPIC ,EPIC ENERGY LTD.
BSE:EROSMEDIA ,EROS INTERNATIONAL MEDIA LTD.
BSE:ESARIND ,ESAAR (INDIA) LTD.
BSE:ESCORTS ,ESCORTS LTD.
BSE:ESSDEE ,ESS DEE ALUMINIUM LTD.
BSE:ETT ,ETT LTD
BSE:EUROCERA ,EURO CERAMICS LTD.
BSE:EVEREADY ,EVEREADY INDUSTRIES INDIA LTD.
BSE:EXCELCROP ,EXCEL CROP CARE LTD.
BSE:FACT ,FERTILIZERS & CHEMICALS TRAVAN
BSE:FAZE3Q ,FAZE THREE LTD.
BSE:FCL ,FINEOTEX CHEMICAL LTD.
BSE:FDC ,FDC LTD.
BSE:FENOPLAS ,FENOPLAST LTD.
BSE:FERVENTSYN ,FERVENT SYNERGIES LTD.
BSE:FGP ,FGP LTD.
BSE:FIBERWEB ,FIBERWEB (INDIA) LTD.
BSE:FIVECORE ,FIVE CORE EXIM LIMITED
BSE:FIVEXTRADE ,FIVE X TRADECOM LIMITED
BSE:FMEC ,F MEC INTERNATIONAL FINANCIAL
BSE:FMGOETZE ,FEDERAL:MOGUL GOETZE (INDIA) L
BSE:FRANKLIN ,FRANKLIN LEASING AND FINANCE L
BSE:FRASER ,FRASER AND COMPANY LIMITED
BSE:FREDUN ,FREDUN PHARMACEUTICALS LIMITED
BSE:FRONTBUSS ,FRONTLINE BUSINESS SOLUTIONS L
BSE:FRONTCORP ,FRONTLINE CORPORATION LTD.
BSE:FRONTSP ,FRONTIER SPRINGS LTD.
BSE:FSL ,FIRSTSOURCE SOLUTIONS LTD.
BSE:FSSPL ,FOCUS SUITES SOLUTIONS & SERVI
BSE:FUNNY ,FUNNY SOFTWARE LIMITED
BSE:GABRIEL ,GABRIEL INDIA LTD.
BSE:GAJRA ,GAJRA BEVEL GEARS LTD.
BSE:GALADA ,GALADA POWER & TELECOMMUNICATI
BSE:GALLANTT ,GALLANTT METAL LTD.
BSE:GANESHBE ,GANESH BENZOPLAST LTD.
BSE:GANGAPA ,GANGA PAPERS INDIA LTD.
BSE:GANGESSEC ,GANGES SECURITIES LTD.
BSE:GARGFUR ,GARG FURNACE LTD.
BSE:GARVIND ,GARV INDUSTRIES LIMITED
BSE:GARWAMAR ,GARWARE MARINE INDUSTRIES LTD.
BSE:GARWARPOLY ,GARWARE POLYESTER LTD.
BSE:GARWSYN ,GARWARE SYNTHETICS LTD.
BSE:GATI ,GATI LTD.
BSE:GBFL ,GOENKA BUSINESS & FINANCE LIMI
BSE:GBLIL ,GBL INDUSTRIES LIMITED
BSE:GBLINFRA ,GLOBAL INFRATECH & FINANCE LIM
BSE:GEL ,GAUTAM EXIM LIMITED
BSE:GEMSI ,GEMSTONE INVESTMENTS LTD.
BSE:GENERAAGRI ,GENERA AGRI CORP LTD
BSE:GENUSPAPER ,GENUS PAPER & BOARDS LIMITED
BSE:GENUSPOWER ,GENUS POWER INFRASTRUCTURES LT
BSE:GFLLIMITED ,GFL LIMITED
BSE:GILADAFINS ,GILADA FINANCE & INVESTMENTS L
BSE:GINNIFILA ,GINNI FILAMENTS LTD.
BSE:GKB ,GKB OPHTHALMICS LTD.
BSE:GKCONS ,G.K.CONSULTANTS LTD.
BSE:GLANCE ,GLANCE FINANCE LTD.
BSE:GLAXO ,GLAXOSMITHKLINE PHARMACEUTICAL
BSE:GLOBALCA ,GLOBAL CAPITAL MARKETS LTD.
BSE:GLOBOFFS ,GLOBAL OFFSHORE SERVICES LTD.
BSE:GLOBUSCOR ,GLOBUS CORPOORATION LIMITED
BSE:GMLM ,GAURAV MERCANTILE LIMITED
BSE:GMRINFRA ,GMR INFRASTRUCTURE LTD.
BSE:GNRL ,GUJARAT NATURAL RESOURCES LIMI
BSE:GOGIACAP ,GOGIA CAPITAL SERVICES LIMITED
BSE:GOKUL ,GOKUL REFOILS & SOLVENT LTD.
BSE:GOKULAGRO ,GOKUL AGRO RESOURCES LTD
BSE:GOLDCOINHF ,GOLD COIN HEALTH FOODS LTD
BSE:GOLDIAM ,GOLDIAM INTERNATIONAL LTD.
BSE:GOLDLINE ,GOLD LINE INTERNATIONAL FINVES
BSE:GOLKONDA ,GOLKONDA ALUMINIUM EXTRUSIONS
BSE:GOODRICKE ,GOODRICKE GROUP LTD.
BSE:GOODYEAR ,GOODYEAR INDIA LTD.
BSE:GOPALA ,GOPALA POLYPLAST LTD.
BSE:GRADIENTE ,GRADIENTE INFOTAINMENT LTD.
BSE:GRANDFONRY ,GRAND FOUNDRY LTD.
BSE:GRAPHITE ,GRAPHITE INDIA LTD.
BSE:GRATEXI ,GRATEX INDUSTRIES LTD.
BSE:GRAVITA ,GRAVITA INDIA LTD.
BSE:GREENCREST ,GREENCREST FINANCIAL SERVICES
BSE:GREENPLY ,GREENPLY INDUSTRIES LTD.
BSE:GRINDWELL ,GRINDWELL NORTON LTD.
BSE:GRNLAMIND ,GREENLAM INDUSTRIES LTD
BSE:GROMOTRADE ,GROMO TRADE & CONSULTANCY LTD.
BSE:GSBFIN ,GSB FINANCE LTD.
BSE:GSFC ,GUJARAT STATE FERTILIZERS & CH
BSE:GSLSEC ,GSL SECURITIES LTD.
BSE:GSPL ,GUJARAT STATE PETRONET LTD.
BSE:GTL ,GTL LTD.
BSE:GTLINFRA ,GTL INFRASTRUCTURE LTD.
BSE:GTNTEX ,GTN TEXTILES LTD.
BSE:GTV ,GTV ENGINEERING LIMITED
BSE:GUFICBIO ,GUFIC BIOSCIENCES LTD.
BSE:GUJCMDS ,GUJCHEM DISTILLERS INDIA LTD.
BSE:GUJFOIL ,GUJARAT FOILS LTD.
BSE:GUJINTRX ,GUJARAT INTRUX LTD.
BSE:GUJPETR ,GUJARAT PETROSYNTHESE LTD.
BSE:GUJSTATFIN ,GUJARAT STATE FINANCIAL CORPOR
BSE:HARDCAS ,HARDCASTLE & WAUD MFG.CO.LTD.
BSE:HARIAAPL ,HARIA APPARELS LTD
BSE:HARLETH ,HARYANA LEATHER CHEMICALS LTD.
BSE:HARRMALAYA ,HARRISONS MALAYALAM LTD.
BSE:HAVISHA ,SRI HAVISHA HOSPITALITY INFRAS
BSE:HBLEAS ,HB LEASING & FINANCE CO.LTD.
BSE:HBSTOCK ,HB STOCKHOLDINGS LTD.
BSE:HDFCAMC ,HDFC ASSET MANAGEMENT COMPANY
BSE:HEG ,HEG LTD.
BSE:HEMANG ,HEMANG RESOURCES LIMITED
BSE:HEMORGANIC ,HEMO ORGANIC LIMITED
BSE:HERITGFOOD ,HERITAGE FOODS LIMITED
BSE:HEROMOTOCO ,HERO MOTOCORP LTD.
BSE:HESTERBIO ,HESTER BIOSCIENCES LTD.
BSE:HEXATRADEX ,HEXA TRADEX LTD.
BSE:HFIL ,HIMALAYA FOOD INTERNATIONAL LI
BSE:HIGHGROUND ,HIGH GROUND ENTERPRISE LTD
BSE:HIGHSTREE ,HIGH STREET FILATEX LTD.
BSE:HILIKS ,HILIKS TECHNOLOGIES LIMITED
BSE:HINDALCO ,HINDALCO INDUSTRIES LTD.
BSE:HINDBIO ,HINDUSTAN BIO SCIENCES LTD.
BSE:HINDCOPPER ,HINDUSTAN COPPER LTD.
BSE:HINDHARD ,HINDUSTAN HARDY LIMITED
BSE:HINDMOTORS ,HINDUSTAN MOTORS LTD.
BSE:HINDNATGLS ,HINDUSTHAN NATIONAL GLASS & IN
BSE:HISARMET ,HISAR METAL INDUSTRIES LTD.
BSE:HISARSP ,HISAR SPINNING MILLS LTD.
BSE:HITTCO ,HITTCO TOOLS LTD.
BSE:HMT ,HMT LTD.
BSE:HNGSNGBEES ,RELIANCE ETF HANG SENG BEES
BSE:HONAUT ,HONEYWELL AUTOMATION INDIA LTD
BSE:HONDAPOWER ,HONDA SIEL POWER PRODUCTS LTD.
BSE:HOWARHO ,HOWARD HOTELS LTD.
BSE:HSIL ,HSIL LTD.
BSE:IBRIGST ,INDIAN BRIGHT STEEL CO.LTD.
BSE:ICICINF100 ,ICICI PRUDENTIAL NIFTY 100 ETF
BSE:ICL ,INDO COTSPIN LIMITED
BSE:ICSL ,INTEGRATED CAPITAL SERVICES LT
BSE:IDEA ,VODAFONE IDEA LIMITED
BSE:IDFCEOS6RD ,IDFC MUTUAL FUND
BSE:IDM ,INTERNATIONAL DATA MANAGEMENT
BSE:IEX ,INDIAN ENERGY EXCHANGE LIMITED
BSE:IFBAGRO ,IFB AGRO INDUSTRIES LTD.
BSE:IFINSEC ,INDIA FINSEC LTD.
BSE:IFINSER ,INTERACTIVE FINANCIAL SERVICES
BSE:IFSL ,INTEGRATED FINANCIAL SERVICES
BSE:IMCAP ,IM+ CAPITALS LIMITED
BSE:IMFA ,INDIAN METALS & FERRO ALLOYS L
BSE:IMPEXFERRO ,IMPEX FERRO TECH LTD.
BSE:INANISEC ,INANI SECURITIES LTD.
BSE:INCON ,INCON ENGINEERS LTD.
BSE:INDAGIV ,IND:AGIV COMMERCE LTD.
BSE:INDBNK ,IND BANK HOUSING LTD.
BSE:INDIACEM ,INDIA CEMENTS LTD.
BSE:INDIAGLYCO ,INDIA GLYCOLS LTD.
BSE:INDIAMART ,INDIAMART INTERMESH LIMITED
BSE:INDIANACRY ,INDIAN ACRYLICS LTD.
BSE:INDINFO ,INDIAN INFOTECH & SOFTWARE LTD
BSE:INDOCO ,INDOCO REMEDIES LTD.
BSE:INDOPACIFIC ,INDO PACIFIC PROJECTS LIMITED
BSE:INDOSOLAR ,INDOSOLAR LTD.
BSE:INDOTECH ,INDO TECH TRANSFORMERS LTD.
BSE:INDOTHAI ,INDO THAI SECURITIES LTD.
BSE:INDOVATION ,INDOVATION TECHNOLOGIES LTD.
BSE:INDOWIND ,INDOWIND ENERGY LTD.
BSE:INDRAIND ,INDRA INDUSTRIES LTD.
BSE:INDRENEW ,IND RENEWABLE ENERGY LTD
BSE:INDSILHYD ,INDSIL HYDRO POWER AND MANGANE
BSE:INDSUCR ,INDIAN SUCROSE LTD.
BSE:INDSWFTLAB ,IND:SWIFT LABORATORIES LTD.
BSE:INDSWFTLTD ,IND:SWIFT LTD.
BSE:INDUSFINL ,INDUS FINANCE LIMITEDBSE:AARNAV 
BSE:INEOSSTYRO ,INEOS STYROLUTION INDIA LIMITE
BSE:INFLAME ,INFLAME APPLIANCES LIMITED
BSE:INFRAIND ,INFRA INDUSTRIES LTD.
BSE:INNOVATIVE ,INNOVATIVE IDEALS AND SERVICES
BSE:INNOVATORS ,INNOVATORS FACADE SYSTEMS LIMI
BSE:INOXLEISUR ,INOX LEISURE LTD.
BSE:INTEGRA ,INTEGRA GARMENTS AND TEXTILES
BSE:INTELSOFT ,INTEGRA TELECOMMUNICATION & SO
BSE:INTENTECH ,INTENSE TECHNOLOGIES LTD.
BSE:INTLCONV ,INTERNATIONAL CONVEYORS LTD.
BSE:INVPRECQ ,INVESTMENT & PRECISION CASTING
BSE:IPAPPM ,INTERNATIONAL PAPER APPM LIMIT
BSE:IPOWER ,I:POWER SOLUTIONS INDIA LTD.
BSE:IPRU2933 ,ICICI PRUDENTIAL MUTUAL FUND
BSE:IPRU3168 ,ICICI PRUDENTIAL MUTUAL FUND
BSE:IPRU3169 ,ICICI PRUDENTIAL MUTUAL FUND
BSE:ISHITADR ,ISHITA DRUGS & INDUSTRIES LTD.
BSE:ITDC ,INDIA TOURISM DEVELOPMENT CORP
BSE:ITDC ,INDIA TOURISM DEVELOPMENT CORPBSE:AARNAV 
BSE:ITI ,ITERIS INC
BSE:IVC ,IL&FS INVESTMENT MANAGERS LTD.
BSE:IZMO ,IZMO LIMITED
BSE:JAGRAN ,JAGRAN PRAKASHAN LTD.
BSE:JAGSONFI ,JAGSONPAL FINANCE & LEASING LT
BSE:JAIBALAJI ,JAI BALAJI INDUSTRIES LTD.
BSE:JAIHINDS ,JAIHIND SYNTHETICS LTD.
BSE:JAINCO ,JAINCO PROJECTS (INDIA) LTD.
BSE:JAINCO ,JAINCO PROJECTS (INDIA) LTD.BSE:ZUARIGLOB 
BSE:JAINEX ,JAINEX AAMCOL LTD.
BSE:JASCH ,JASCH INDUSTRIES LTD.
BSE:JAUSPOL ,JAUSS POLYMERS LTD.
BSE:JAYIND ,JAYATMA INDUSTRIES LIMITED
BSE:JAYSHREETEA ,JAY SHREE TEA & INDUSTRIES LTD
BSE:JBCHEPHARM ,J.B.CHEMICALS & PHARMACEUTICAL
BSE:JBFIND ,JBF INDUSTRIES LTD.
BSE:JDML ,JASH DEALMARK LIMITED
BSE:JHACC ,JHAVERI CREDITS & CAPITAL LTD.
BSE:JKAGRI ,JK AGRI GENETICS LTD
BSE:JKTYRE ,JK TYRE & INDUSTRIES LTD.
BSE:JOYREALTY ,JOY REALTY LTD.
BSE:JPINFRATEC ,JAYPEE INFRATECH LTD
BSE:JRFOODS ,J.R.FOODS LTD.
BSE:JSL ,JINDAL STAINLESS LTD.
BSE:JTLINFRA ,JTL INFRA LTD.
BSE:KACHCHH ,KACHCHH MINERALS LTD.
BSE:KACL ,KAISER CORPORATION LIMITED
BSE:KAJARIR ,KIC METALIKS LTD.
BSE:KAMRLAB ,KAMRON LABORATORIES LTD.
BSE:KANSHST ,KANISHK STEEL INDUSTRIES LTD.
BSE:KAPASHI ,KAPASHI COMMERCIALS LTD.
BSE:KATRSPG ,KATARE SPINNING MILLS LTD.
BSE:KAVITIND ,KAVIT INDUSTRIES LIMITED
BSE:KDML ,KHEMANI DISTRIBUTORS & MARKETI
BSE:KFL ,KAVITA FABRICS LTD.
BSE:KHADIM ,KHADIM INDIA LIMITED
BSE:KHAICHEM ,KHAITAN CHEMICALS & FERTILIZER
BSE:KHAITANELE ,KHAITAN ELECTRICALS LTD.
BSE:KILPEST ,KILPEST INDIA LTD.
BSE:KKALPANAIND ,KKALPANA INDUSTRIES (INDIA) LT
BSE:KKFIN ,K K FINCORP LIMITED
BSE:KPL ,KWALITY PHARMACEUTICALS LIMITE
BSE:KRL ,KINTECH RENEWABLES LIMITED
BSE:KSLIND ,KSL AND INDUSTRIES LTD.
BSE:KTKIND4RG ,KOTAK MAHINDRA MUTUAL FUND
BSE:KUBERJI ,KUBER UDYOG LIMITED
BSE:KWALITYCL ,KWALITY CREDIT & LEASING LTD.
BSE:LADIAMO ,LASER DIAMONDS LTD.
BSE:LAHL ,LADAM AFFORTABLE HOUSING LIMIT
BSE:LALPATHLAB ,DR. LAL PATHLABS LIMITED
BSE:LEDOTEA ,LEDO TEA CO.LTD.
BSE:LEHIL ,LOTUS EYE HOSPITAL AND INSTITU
BSE:LERTHAI ,LERTHAI FINANCE LIMITED
BSE:LIKHAMI ,LIKHAMI CONSULTING LIMITED
BSE:LOHIASEC ,LOHIA SECURITIES LTD.
BSE:LOTUSCHO ,LOTUS CHOCOLATE CO.LTD.
BSE:LUDLOWJUT ,LUDLOW JUTE & SPECIALITIES LTD
BSE:LWSKNIT ,LWS KNITWEAR LTD.
BSE:MAANALU ,MAAN ALUMINIUM LTD.
BSE:MADHURIND ,MADHUR INDUSTRIES LTD.
BSE:MADHUSE ,MADHUSUDAN SECURITIES LTD.
BSE:MAHALXSE ,MAHALAXMI SEAMLESS LTD.
BSE:MAHESH ,MAHESH DEVELOPERS LIMITED
BSE:MALUPAPER ,MALU PAPER MILLS LTD.
BSE:MANAKSIA ,MANAKSIA LTD.
BSE:MANAS ,MANAS PROPERTIES LIMITED
BSE:MANUGRAPH ,MANUGRAPH INDIA LTD.
BSE:MANVIJAY ,MANVIJAY DEVELOPMENT COMPANY L
BSE:MARGOFIN ,MARGO FINANCE LIMITED
BSE:MAVIIND ,MAVI INDUSTRIES LTD.
BSE:MCCHRLS_B ,MAC CHARLES (INDIA) LTD.
BSE:MEFCOM ,MEFCOM AGRO INDUSTRIES LTD.
BSE:MHLXMIRU ,MAHALAXMI RUBTECH LTD.
BSE:MILESTONE ,MILESTONE GLOBAL LTD.
BSE:MINDAIND ,MINDA INDUSTRIES LTD.BSE:WAA 
BSE:MINDTECK ,MINDTECK (INDIA) LTD.
BSE:MIRCH ,MIRCH TECHNOLOGIES (INDIA) LTD
BSE:MIRZAINT ,MIRZA INTERNATIONAL LTD.
BSE:MITSHI ,MITSHI INDIA LIMITED
BSE:MMTC ,MMTC LTD.
BSE:MODEX ,MODEX INTERNATIONAL SECURITIES
BSE:MORYOIND ,MORYO INDUSTRIES LTD.
BSE:MOTHERSUMI ,MOTHERSON SUMI SYSTEMS LTD.
BSE:MRSS ,MAJESTIC RESEARCH SERVICES AND
BSE:MUDUNURU ,MUDUNURU LIMITED
BSE:MUKANDENGG ,MUKAND ENGINEERS LTD.
BSE:MUKANDLTD ,MUKAND LTD.
BSE:MUKATPIP ,MUKAT PIPES LTD.
BSE:MUL ,MAURIA UDYOG LIMITED
BSE:MULLER ,MULLER & PHIPPS (INDIA) LTD.
BSE:MULTIBASE ,MULTIBASE INDIA LTD.
BSE:MUNCAPM ,MUNOTH CAPITAL MARKET LTD.
BSE:MURUDCERA ,MURUDESHWAR CERAMICS LTD.
BSE:MVL ,MVL LTD.
BSE:MYSORPETRO ,MYSORE PETRO CHEMICALS LTD.
BSE:NAGREEKCAP ,NAGREEKA CAPITAL & INFRASTRUCT
BSE:NAGREEKEXP ,NAGREEKA EXPORTS LTD.
BSE:NAM ,NAM SECURITIES LTD
BSE:NARPROP ,NARENDRA PROPERTIES LTD.
BSE:NATGENI ,NATIONAL GENERAL INDUSTRIES LT
BSE:NATPLAS ,NATIONAL PLASTIC INDUSTRIES LT
BSE:NAVKETAN ,NAVKETAN MERCHANTS LIMITED
BSE:NCLIND ,NCL INDUSTRIES LTD.
BSE:NDASEC ,NDA SECURITIES LTD.
BSE:NEGOTIUM ,NEGOTIUM INTERNATIONAL TRADE L
BSE:NETLINK ,NETLINK SOLUTIONS (INDIA) LTD.
BSE:NETRIPPLES ,NETRIPPLES SOFTWARE LIMITED
BSE:NETTLINX ,NETTLINX LTD.
BSE:NETWORK18 ,NETWORK18 MEDIA & INVESTMENTS
BSE:NEWLIGHT ,NEW LIGHT APPARELS LIMTED
BSE:NFL ,NATIONAL FERTILIZERS LTD.
BSE:NICCOPAR ,NICCO PARKS & RESORTS LTD.
BSE:NIDHGRN ,NIDHI GRANITES LTD.
BSE:NIDL ,NARENDRA INVESTMENTS (DELHI) L
BSE:NILKAMAL ,NILKAMAL LTD.
BSE:NIMBSPROJ ,NIMBUS PROJECTS LTD.
BSE:NIPPOBATRY ,INDO:NATIONAL LTD.
BSE:NITCO ,NITCO LTD.
BSE:NITINCAST ,NITIN CASTINGS LIMITED
BSE:NOGMIND ,NEOGEM INDIA LTD.
BSE:NOUVEAU ,NOUVEAU GLOBAL VENTURES LTD.
BSE:NTCIND ,NTC INDUSTRIES LTD.
BSE:NUTECGLOB ,NUTECH GLOBAL LTD.
BSE:OASISEC ,OASIS SECURITIES LTD.
BSE:OBEROIRLTY ,OBEROI REALTY LTD.
BSE:OCEANIC ,OCEANIC FOODS LIMITED
BSE:ODYSSEY ,ODYSSEY TECHNOLOGIES LTD.
BSE:OLYMPTX ,OLYMPIA INDUSTRIES LTD.
BSE:OMKAR ,OMKAR OVERSEAS LTD.
BSE:OMMETALS ,OM METALS INFRAPROJECTS LTD.
BSE:OMNIAX ,OMNI AXS SOFTWARE LTD.
BSE:ONMOBILE ,ONMOBILE
BSE:ORACLECR ,ORACLE CREDIT LIMITED
BSE:ORIBEVER ,ORIENT BEVERAGES LTD.
BSE:ORIENTABRA ,ORIENT ABRASIVES LTD.
BSE:ORIENTBELL ,ORIENT BELL LIMITED
BSE:ORIENTCEM ,ORIENT CEMENT LTD
BSE:ORIENTLTD ,ORIENT PRESS LTD.
BSE:ORIENTPPR ,ORIENT PAPER & INDUSTRIES LTD.
BSE:ORISSAMINE ,ORISSA MINERALS DEVELOPMENT CO
BSE:OROSMITHS ,OROSIL SMITHS INDIA LTD.
BSE:ORTINLAABS ,ORTIN LABORATORIES LTD
BSE:OSCAR ,OSCAR INVESTMENTS LTD.
BSE:OSCARGLO ,OSCAR GLOBAL LTD.
BSE:OSWAYRN ,OSWAL YARNS LTD.
BSE:OTCO ,OTCO INTERNATIONAL LTD.
BSE:PAGEIND ,PAGE INDUSTRIES LTD.
BSE:PALMJEWELS ,PALM JEWELS LIMITED
BSE:PALSOFT ,PALSOFT INFOSYSTEMS LTD.
BSE:PANACEABIO ,PANACEA BIOTEC LTD.
BSE:PANCHMAHQ ,PANCHMAHAL STEEL LTD.
BSE:PANORAMA ,PANORAMA STUDIOS INTERNATIONAL
BSE:PARABDRUGS ,PARABOLIC DRUGS LTD
BSE:PASUFIN ,PASUPATI FINCAP LTD.NSE:5PAISA 
BSE:PASUFIN ,PASUPATI FINCAP LTD.
BSE:PASUSPG ,PASUPATI SPG.& WVG.MILLS LTD.
BSE:PATELENG ,PATEL ENGINEERING LTD.
BSE:PATSPINLTD ,PATSPIN INDIA LTD.
BSE:PCCOSMA ,PEE CEE COSMA SOPE LTD.
BSE:PEETISEC ,PEETI SECURITIES LTD.
BSE:PFIZER ,PFIZER LTD.
BSE:PFOCUS ,PRIME FOCUS LTD.
BSE:PGFOILQ ,PG FOILS LTD.
BSE:PHOENXINTL ,PHOENIX INTERNATIONAL LTD.
BSE:PIIND ,P.I.INDUSTRIES LTD.
BSE:PILANIINVS ,PILANI INVESTMENT AND INDUSTRI
BSE:PIONEEREMB ,PIONEER EMBROIDERIES LTD.
BSE:PMTELELIN ,P.M.TELELINNKS LTD.
BSE:POLTC ,POLYGENTA TECHNOLOGIES LTD.
BSE:POLYCAB ,POLYCAB INDIA LIMITED
BSE:POLYLINK ,POLYLINK POLYMERS (INDIA) LTD.
BSE:POOJAENT ,POOJA ENTERTAINMENT AND FILMS
BSE:PPL ,PRAKASH PIPES LIMITED
BSE:PRAJIND ,PRAJ INDUSTRIES LTD.
BSE:PRATIK ,PRATIK PANELS LTD.
BSE:PRAXIS ,PRAXIS HOME RETAIL LIMITED
BSE:PRECISION ,PRECISION CONTAINEURS LTD.
BSE:PREMCO ,PREMCO GLOBAL LTD.
BSE:PREMPIPES ,PREMIER PIPES LTD.
BSE:PRESTIGE ,PRESTIGE ESTATES PROJECTS LTD.
BSE:PRICOLLTD ,PRICOL LIMITED
BSE:PROVESTSER ,PROVESTMENT SERVICES LIMITED
BSE:PTC ,PTC INDIA LTD.
BSE:PULSRIN ,PULSAR INTERNATIONAL LTD.
BSE:PUROHITCON ,PUROHIT CONSTRUCTION LIMITED
BSE:PURSHOTTAM ,PURSHOTTAM INVESTOFIN LTD
BSE:QFSL ,QUEST FINANCIAL SERVICES LTD.
BSE:QNIFTY ,QUANTUM MUTUAL FUND : QUANTUM
BSE:QUADRANT ,QUADRANT TELEVENTURES LIMITED
BSE:QUANTBUILD ,QUANTUM BUILD:TECH LTD
BSE:QUASAR ,QUASAR INDIA LTD
BSE:QUEST ,QUEST SOFTECH (INDIA) LTD
BSE:RAAJMEDI ,RAAJ MEDISAFE INDIA LTD.
BSE:RADHEDE ,RADHE DEVELOPERS (INDIA) LTD.
BSE:RAGHUNAT ,RAGHUNATH INTERNATIONAL LTD.
BSE:RAGHUSYN ,RAGHUVIR SYNTHETICS LTD.
BSE:RAINBOWDQ ,RAINBOW DENIM LTD.
BSE:RAJABAH ,RAJA BAHADUR INTERNATIONAL LTD
BSE:RAJGASES ,RAJASTHAN GASES LTD.
BSE:RAJNISH ,RAJNISH WELLNESS LIMITED
BSE:RAJPACK ,RAJ PACKAGING INDUSTRIES LTD.
BSE:RAJRAYON ,RAJ RAYON INDUSTRIES LIMITED
BSE:RAJTV ,RAJ TELEVISION NETWORK LTD.
BSE:RALEGRA ,RAVILEELA GRANITES LTD.
BSE:RAMAPHO ,RAMA PHOSPHATES LTD.
BSE:RAMASTEEL ,RAMA STEEL TUBES LIMITED
BSE:RAMRAT ,RAM RATNA WIRES LTD.
BSE:RAMSARUP ,RAMSARUP INDUSTRIES LTD.
BSE:RASIELEC ,RASI ELECTRODES LTD.
BSE:RASSIREF ,RAASI REFRACTORIES LTD.
BSE:RATHIBAR ,RATHI BARS LTD.
BSE:RATNABHUMI ,RATNABHUMI DEVELOPERS LIMITED
BSE:RAVALSUGAR ,RAVALGAON SUGAR FARM LTD.
BSE:RCBFIVAG ,RELIANCE MUTUAL FUND
BSE:RCF ,RASHTRIYA CHEMICALS & FERTILIZ
BSE:RCL ,RADHAGOBIND COMMERCIAL LIMITED
BSE:REALNEWS ,REAL NEWS & VIEWS LIMITED
BSE:REALSTR ,REAL STRIPS LTD.
BSE:REDEXPR ,REDEX PROTECH LTD.
BSE:REGENCY ,REGENCY INVESTMENTS LIMITED
BSE:REGENTRP ,REGENT ENTERPRISES LIMITED
BSE:REGTRUS ,REGENCY TRUST LTD.
BSE:RELIABVEN ,RELIABLE VENTURES INDIA LTD.
BSE:RELICTEC ,RELIC TECHNOLOGIES LTD.
BSE:RELIGARE ,RELIGARE ENTERPRISES LTD.
BSE:RELSTRUCT ,RELSTRUCT BUILDCON LIMITED
BSE:RELTD ,RAVINDRA ENERGY LIMITED
BSE:REMIEDEL ,REMI EDELSTAHL TUBULARS LIMITE
BSE:RESPONSINF ,RESPONSE INFORMATICS LTD
BSE:RESTILE ,RESTILE CERAMICS LTD.
BSE:RGIL ,ROTOGRAPHICS (INDIA) LIMITED
BSE:RICOAUTO ,RICO AUTO INDUSTRIES LTD.
BSE:RIDDHI ,RIDDHI SIDDHI GLUCO BIOLS LTD.
BSE:RIR ,RUTTONSHA INTERNATIONAL RECTIF
BSE:RISHIROOP ,RISHIROOP LIMITED
BSE:RITESHIN ,RITESH INTERNATIONAL LTD.
BSE:RITHWIKFMS ,RITHWIK FACILITY MANAGEMENT SE
BSE:RJSHAH ,R.J.SHAH & CO.LTD.
BSE:RLFL ,RAMCHANDRA LEASING & FINANCE L
BSE:RMC ,RMC SWITCHGEARS LIMITED
BSE:ROHITFERRO ,ROHIT FERRO:TECH LTD.
BSE:RPPINFRA ,RPP INFRA PROJECTS LTD.
BSE:RRFIN ,RR FINANCIAL CONSULTANTS LTD.
BSE:RSTL ,RIDDHI STEEL AND TUBE LIMITED
BSE:RTNINFRA ,RATTANINDIA INFRASTRUCTURE LTD
BSE:RUCHINDLTD ,RUCHIKA INDUSTRIES INDIA LIMIT
BSE:RUCHISOYA ,RUCHI SOYA INDUSTRIES LTD.
BSE:RUNGTAIR ,RUNGTA IRRIGATION LTD.
BSE:SABOOSOD ,SABOO SODIUM CHLORO LTD.
BSE:SAFALHBS ,SAFAL HERBS LIMITED
BSE:SAFALSEC ,SAFAL SECURITIES LTD
BSE:SAGAR ,SAGAR DIAMONDS LIMITED
BSE:SAHARAHOUS ,SAHARA HOUSINGFINA CORPORATION
BSE:SAHLIBHFI ,SHALIBHADRA FINANCE LTD.
BSE:SAHYADRI ,SAHYADRI INDUSTRIES LTD.
BSE:SAHYOGMULT ,SAHYOG MULTIBASE LIMITED
BSE:SAKHTISUG ,SAKTHI SUGARS LTD.
BSE:SAKTHIFIN ,SAKTHI FINANCE LTD.
BSE:SALSAIN ,SHREE SALASAR INVESTMENT LTD.
BSE:SALSTEEL ,S.A.L.STEEL LTD.
BSE:SALZER ,SALZER ELECTRONICS LTD.
BSE:SAMRATPH ,SAMRAT PHARMACHEM LTD.
BSE:SAMYAKINT ,SAMYAK INTERNATIONAL LTD.
BSE:SANGFROID ,SANG FROID LABS (INDIA) LIMITE
BSE:SANGUI ,SANGUINE MEDIA LTD.
BSE:SANPA ,SANGAL PAPERS LTD.
BSE:SANTETX ,SANRHEA TECHNICAL TEXTILES LTD
BSE:SANTOSHIND ,SANTOSH INDUSTRIES LIMITED
BSE:SANWARIA ,SANWARIA CONSUMER LIMITED
BSE:SAPL ,SAR AUTO PRODUCTS LIMITED
BSE:SBECSUG ,SBEC SUGAR LTD.
BSE:SBRANDS ,SANGHVI BRANDS LIMITED
BSE:SCANPRO ,SCAN PROJECTS LTD.
BSE:SCFL ,SHYAM CENTURY FERROUS LIMITED
BSE:SCI ,SHIPPING CORPORATION OF INDIA
BSE:SEASONF ,SEASONS FURNISHINGS LTD.
BSE:SEASONST ,SEASONS TEXTILES LTD.
BSE:SEQUENT ,SEQUENT SCIENTIFIC LTD.
BSE:SERVOTEACH ,SERVOTEACH INDUSTRIES LTD
BSE:SFIVL ,SPRING FIELDS INFRAVENTURES LI
BSE:SFPIL ,SQUARE FOUR PROJECTS INDIA LIM
BSE:SGIL ,SYNERGY GREEN INDUSTRIES LIMIT
BSE:SHAHALLOYS ,SHAH ALLOYS LTD.
BSE:SHAILY ,SHAILY ENGINEERING PLASTICS LT
BSE:SHESHAINDS ,SHESHADRI INDUSTRIES LIMITED
BSE:SHGANEL ,SHREE GANESH ELASTOPLAST LTD.
BSE:SHIVAAGRO ,SHIVA GLOBAL AGRO INDUSTRIES L
BSE:SHIVTEX ,SHIVA TEXYARN LTD.
BSE:SHOPERSTOP ,SHOPPERS STOP LTD.
BSE:SHREDIGCEM ,SHREE DIGVIJAY CEMENT CO.LTD.
BSE:SHREEGANES ,SHREE GANESH BIOTECH (INDIA) L
BSE:SHREMETAL ,SHREE METALLOYS LTD.
BSE:SHUBHAM ,SHUBHAM POLYSPIN LIMITED
BSE:SHUKJEW ,SHUKRA JEWELLERS LTD.
BSE:SHYMINV ,SHYAMKAMAL INVESTMENTS LTD.
BSE:SICAPIT ,SI CAPITAL & FINANCIAL SERVICE
BSE:SILVERO ,SILVER OAK COMMERCIAL LTD.
BSE:SIMRAN ,SIMRAN FARMS LTD.
BSE:SINTEX ,SINTEX INDUSTRIES LTD.
BSE:SINTEXPLAST ,SINTEX PLASTICS TECHNOLOGY LTD
BSE:SKC ,SRI KRISHNA CONSTRUCTIONS (IND
BSE:SKMEGGPROD ,SKM EGG PRODUCTS EXPORT (INDIA
BSE:SKUMAR ,S KUMARS.COM LTD.
BSE:SKYLMILAR ,SKYLINE MILLARS LTD.
BSE:SMARTFIN ,SMART FINSEC LIMITED
BSE:SMSLIFE ,SMS LIFESCIENCES INDIA LTD
BSE:SOFCOM ,SOFCOM SYSTEMS LIMITED
BSE:SOLARA ,SOLARA ACTIVE PHARMA SCIENCES
BSE:SOLCT ,SOLID CARBIDE TOOLS LTD.
BSE:SOLIDCO ,SOLID CONTAINERS LTD.
BSE:SOLISMAR ,SOLIS MARKETING LIMITED
BSE:SOMATEX ,SOMA TEXTILES & INDUSTRIES LTD
BSE:SOMICONV ,SOMI CONVEYOR BELTINGS LTD.
BSE:SOUTLAT ,SOUTHERN LATEX LTD.
BSE:SPARC ,SUN PHARMA ADVANCED RESEARCH C
BSE:SPELS ,SPEL SEMICONDUCTOR LTD.
BSE:SPORTKING ,SPORTKING INDIA LTD.
BSE:SPS ,SPS FINQUEST LTD
BSE:SPSINT ,SPS INTERNATIONAL LTD.
BSE:SRD ,SHANKAR LAL RAMPAL DYE:CHEM LI
BSE:SREEL ,SREELEATHERS LTD.
BSE:SRGSFL ,S R G SECURITIES FINANCE LTD
BSE:SRINACHA ,SRI NACHAMMAI COTTON MILLS LTD
BSE:SRIPIPES ,SRIKALAHASTHI PIPES LIMITED
BSE:SRK ,S R K INDUSTRIES LTD.
BSE:SRMENERGY ,SRM ENERGY LTD.
BSE:SRSFIN ,SRS FINANCE LTD
BSE:SSPDL ,SSPDL LTD.
BSE:SSWL ,STEEL STRIPS WHEELS LTD.
BSE:STARDELTA ,STAR DELTA TRANSFORMERS LIMITE
BSE:STCINDIA ,STATE TRADING CORPORATION OF I
BSE:STEELCAS ,STEELCAST LTD.
BSE:STELLANT ,STELLANT SECURITIES (INDIA) LT
BSE:STHINPA ,SOUTH INDIA PAPER MILLS LTD.
BSE:STRATMONT ,STRATMONT INDUSTRIES LIMITED
BSE:STRTECH ,STERLITE TECHNOLOGIES LTD.
BSE:STURDY ,STURDY INDUSTRIES LTD.
BSE:SUJANAUNI ,SUJANA UNIVERSAL INDUSTRIES LT
BSE:SUMEETINDS ,SUMEET INDUSTRIES LTD.
BSE:SUMERUIND ,SUMERU INDUSTRIES LTD.
BSE:SUNDRMFAST ,SUNDRAM FASTENERS LTD.
BSE:SUNTECHNO ,SUN TECHNO OVERSEAS LTD.
BSE:SUPERSHAKT ,SUPERSHAKTI METALIKS LIMITED
BSE:SURAJ ,SURAJ PRODUCTS LTD.
BSE:SURYAAMBA ,SURYAAMBA SPINNING MILLS LTD.
BSE:SURYACHAKRA ,SURYACHAKRA POWER CORPORATION
BSE:SURYALA ,SURYALATA SPINNING MILLS LTD.
BSE:SVCIND ,SVC INDUSTRIES LIMITED
BSE:SVCRES ,SVC RESOURCES LIMITED
BSE:SW1 ,SW INVESTMENTS LTD
BSE:SWAGRUHA ,SWAGRUHA INFRASTRUCTURE LTD.
BSE:SWARAJENG ,SWARAJ ENGINES LTD.
BSE:SWASTIKA ,SWASTIKA INVESTMART LTD.
BSE:SYNTHFO ,SYNTHIKO FOILS LTD.
BSE:TAAZAINT ,TAAZA INTERNATIONAL LTD
BSE:TALWALKARS ,TALWALKARS BETTER VALUE FITNES
BSE:TAPARIA ,TAPARIA TOOLS LTD.
BSE:TARMAT ,TARMAT LTD.
BSE:TATACHEM ,TATA CHEMICALS LTD.
BSE:TATAMOTORS ,TATA MOTORS LTD.
BSE:TCFCFINQ ,TCFC FINANCE LTD.
BSE:TCMLMTD ,TCM LTD.
BSE:TECHNVISN ,TECHNVISION VENTURES LTD.
BSE:TEJASNET ,TEJAS NETWORKS LIMITED
BSE:TEXINFRA ,TEXMACO INFRASTRUCTURE & HOLDI
BSE:THAKRAL ,THAKRAL SERVICES (INDIA) LTD.
BSE:THEBYKE ,THE BYKE HOSPITALITY LTD.
BSE:THEMISMED ,THEMIS MEDICARE LTD.
BSE:TIIL ,TECHNOCRAFT INDUSTRIES (INDIA)
BSE:TIJARIA ,TIJARIA POLYPIPES LTD.
BSE:TIMEX ,TIMEX GROUP INDIA LTD.
BSE:TINNATFL ,TINNA TRADE LIMITED
BSE:TISL ,THINK INK STUDIO LIMITED
BSE:TITANBIO ,TITAN BIOTECH LTD.
BSE:TNPETRO ,TAMILNADU PETROPRODUCTS LTD.
BSE:TNTELE ,TAMILNADU TELECOMMUNICATIONS L
BSE:TOKYOFIN ,TOKYO FINANCE LTD.
BSE:TOWASOK ,TOWA SOKKI LTD.
BSE:TOYAMIND ,TOYAM INDUSTRIES LIMITED
BSE:TRANSASIA ,TRANS ASIA CORPORATION LTD.
BSE:TREEHOUSE ,TREE HOUSE EDUCATION & ACCESSO
BSE:TRF ,TRF LTD.
BSE:TRIOMERC ,TRIO MERCANTILE & TRADING LTD.
BSE:TRL ,TAYLORMADE RENEWABLES LIMITED
BSE:TTL ,T T LTD.
BSE:TTML ,TATA TELESERVICES (MAHARASHTRA
BSE:TULASEEBIOE ,TULASEE BIO:ETHANOL LTD.
BSE:TYCHE ,TYCHE INDUSTRIES LTD.
BSE:UCALFUEL ,UCAL FUEL SYSTEMS LTD.
BSE:UJJIVAN ,UJJIVAN FINANCIAL SERVICES LIM
BSE:UMIYA ,UMIYA TUBES LIMITED
BSE:UNIAUTO ,UNIVERSAL AUTOFOUNDRY LIMITED
BSE:UNICHEMLAB ,UNICHEM LABORATORIES LTD.
BSE:UNIROYAL ,UNIROYAL INDUSTRIES LTD.
BSE:UNISHIRE ,UNISHIRE URBAN INFRA LTD
BSE:UNIVARTS ,UNIVERSAL ARTS LTD.
BSE:UTLINDS ,UTL INDUSTRIES LIMITED
BSE:UTTAMVALUE ,UTTAM VALUE STEELS LTD.
BSE:VADILALIND ,VADILAL INDUSTRIES LTD.
BSE:VAPIPPR ,VAPI PAPER MILLS LTD.
BSE:VARDHCH ,VARDHAMAN LABORATORIES LTD.
BSE:VARDHMAN ,VARDHMAN CONCRETE LIMITED
BSE:VBCFERROQ ,VBC FERRO ALLOYS LTD.
BSE:VEDL ,VEDANTA LIMITED
BSE:VENKYS ,VENKYS (INDIA) LTD.
BSE:VFL ,VIJI FINANCE LTD
BSE:VHL ,VARDHMAN HOLDINGS LTD.
BSE:VIDEOIND ,VIDEOCON INDUSTRIES LTD.
BSE:VIJAYTX ,VIJAY TEXTILES LTD.
BSE:VIJSHAN ,VIJAY SHANTHI BUILDERS LTD.
BSE:VINDHYATEL ,VINDHYA TELELINKS LTD.
BSE:VIRGOGLOB ,VIRGO GLOBAL LIMITED
BSE:VISAGAR ,VISAGAR FINANCIAL SERVICES LTD
BSE:VISESHINFO ,VISESH INFOTECNICS LTD.
BSE:VISHNU ,VISHNU CHEMICALS LTD.
BSE:VISIONCINE ,VISION CINEMAS LTD.
BSE:VISTAPH ,VISTA PHARMACEUTICALS LTD.
BSE:VISVEN ,VISHVPRABHA VENTURES LIMITED
BSE:VIVIDM ,VIVID MERCANTILE LIMITED
BSE:VJLAXMIE ,VEEJAY LAKSHMI ENGINEERING WOR
BSE:VJTFEDU ,VJTF EDUSERVICES LTD.
BSE:VMS ,VMS INDUSTRIES LTD.
BSE:VOLTAS ,VOLTAS LTD.
BSE:VSL ,VEERAM SECURITIES LIMITED
BSE:VYAPAR ,VYAPAR INDUSTRIES LTD.
BSE:WAA ,WAA SOLAR LIMITED
BSE:WALCHANNAG ,WALCHANDNAGAR INDUSTRIES LTD.
BSE:WALLFORT ,WALLFORT FINANCIAL SERVICES LT
BSE:WATERBASE ,WATERBASE LTD.
BSE:WELCURE ,WELCURE DRUGS & PHARMACEUTICAL
BSE:WELINV ,WELSPUN INVESTMENTS AND COMMER
BSE:WELSPLSOL ,WELSPUN SPECIALTY SOLUTIONS LI
BSE:WEPSOLN ,WEP SOLUTIONS LTD.
BSE:WHBRADY ,W.H.BRADY & CO.LTD.
BSE:WINDMACHIN ,WINDSOR MACHINES LTD.
BSE:WIREFABR ,WIRES & FABRIKS (SA) LTD.
BSE:WONDERLA ,WONDERLA HOLIDAYS LTD
BSE:WORTH ,WORTH INVESTMENT & TRADING CO
BSE:WPIL ,WPIL LTD.
BSE:XELPMOC ,XELPMOC DESIGN AND TECH LIMITE
BSE:YASHPPR ,YASH PAPERS LTD.
BSE:YESBANK ,YES BANK LTD.
BSE:ZBINTXPP ,BINAYAK TEX PROCESSORS LTD.
BSE:ZDHJERK ,DHANVANTRI JEEVAN REKHA LTD.
BSE:ZENITHBIR ,ZENITH BIRLA (INDIA) LTD.
BSE:ZENITHEXPO ,ZENITH EXPORTS LTD.
BSE:ZENTEC ,ZEN TECHNOLOGIES LTD.
BSE:ZHINDHSG ,HINDUSTAN HOUSING CO.LTD.
BSE:ZKHANDEN ,KHANDELWAL EXTRACTION LTD.
BSE:ZODIACLOTH ,ZODIAC CLOTHING CO.LTD.
BSE:ZODJRDMKJ ,ZODIAC:JRD:MKJ LTD.
BSE:ZSARACOM ,SARASWATI COMMERCIAL (INDIA) L
NSE:8KMILES ,8K MILES SOFTWARE
NSE:AARVEEDEN ,AARVEE DENIMS & EX
NSE:ABAN ,ABAN OFFSHORE
NSE:ABMINTLTD ,ABM INTERNATIONAL
NSE:ADANIENT ,ADANI ENTERPRISES
NSE:ADANIGREEN ,ADANI GREEN ENERGY
NSE:ADANIPOWER ,ADANI POWER LTD
NSE:ADFFOODS ,ADF FOODS LTD
NSE:ADORWELD ,ADOR WELDING
NSE:AFFLE ,AFFLE (INDIA) LTD
NSE:AGRITECH ,AGRI:TECH (INDIA)
NSE:AIRAN ,AIRAN LTD
NSE:AJANTPHARM ,AJANTA PHARMA
NSE:ALKALI ,ALKALI METALS LTD
NSE:ALLSEC ,ALLSEC TECHNOLOGIE
NSE:ALOKTEXT ,ALOK INDUSTRIES
NSE:ALPA ,ALPA LABORATORIES
NSE:ALPHAGEO ,ALPHAGEO(INDIA)
NSE:ANANTRAJ ,ANANT RAJ LTD
NSE:ANDHRACEMT ,ANDHRA CEMENTS
NSE:ANSALAPI ,ANSAL PROPS & INFR
NSE:ARCHIDPLY ,ARCHIDPLY IND LTD
NSE:ARIES ,ARIES AGRO LTD
NSE:ARMANFIN ,ARMAN FINANCIAL SE
NSE:AROGRANITE ,ARO GRANITE INDUS
NSE:ARSHIYA ,ARSHIYA LIMITED
NSE:ARVIND ,ARVIND LTD
NSE:ASHIANA ,ASHIANA HOUSING LD
NSE:ASHOKLEY ,ASHOK LEYLAND
NSE:ASSAMCO ,ASSAM CO INDIA LTD
NSE:ASTRAZEN ,ASTRAZENECA PHARMA
NSE:ASTRON ,ASTRON PAPER & BOA
NSE:ATLASCYCLE ,ATLAS CYCLES(HARYA
NSE:ATNINTER ,ATN INTERNATIONAL
NSE:ATUL ,ATUL LTD
NSE:AUTOIND ,AUTOLINE INDUSTRIE
NSE:AUTOLITIND ,AUTOLITE(INDIA)
NSE:AVADHSUGAR ,AVADH SUGAR ENERGY
NSE:AVANTIFEED ,AVANTI FEEDS
NSE:AXISBANK ,AXIS BANK
NSE:AXISCADES ,AXISCADES ENGINEER
NSE:BAJAJHIND ,BAJAJ HINDUSTHAN S
NSE:BALAMINES ,BALAJI AMINES LTD
NSE:BALKRISHNA ,BALKRISHNA PAPER M
NSE:BALKRISIND ,BALKRISHNA INDS
NSE:BALLARPUR ,BALLARPUR INDS
NSE:BANCOINDIA ,BANCO PRODUCTS
NSE:BANKBARODA ,BK OF BARODA
NSE:BANKINDIA ,BK OF INDIA
NSE:BATAINDIA ,BATA INDIA
NSE:BCP ,B.C. POWER CONTROL
NSE:BEL ,BHARAT ELECTRONICS
NSE:BHAGERIA ,BHAGERIA INDUSTRIE
NSE:BHARATGEAR ,BHARAT GEARS
NSE:BHARATRAS ,BHARAT RASAYAN LTD
NSE:BHARATWIRE ,BHARAT WIRE ROPES
NSE:BHARTIARTL ,BHARTI AIRTEL LTD
NSE:BHEL ,BHARAT HEAVY ELECT
NSE:BILENERGY ,BIL ENERGY SYSTEMS
NSE:BINDALAGRO ,OSWAL GREENTECH LI
NSE:BIOCON ,BIOCON
NSE:BIRLAMONEY ,ADITYA BIRLA MONEY
NSE:BKMINDST ,BKM INDUSTRIES LTD
NSE:BLISSGVS ,BLISS GVS PHARMA
NSE:BLS ,BLS INTERNATIONAL
NSE:BLUECOAST ,BLUE COAST HOTELS
NSE:BPCL ,BHARAT PETROL CORP
NSE:BSOFT ,BIRLASOFT (INDIA)
NSE:BYKE ,THE BYKE HOSPITALI
NSE:CAMLINFINE ,CAMLIN FINE SCIENC
NSE:CANBK ,CANARA BANK
NSE:CANDC ,C & C CONSTRUCTION
NSE:CAPTRUST ,CAPITAL TRUST LTD.
NSE:CAREERP ,CAREER POINT LTD
NSE:CASTROLIND ,CASTROL INDIA
NSE:CCHHL ,COUNTRY CLUB HOSPI
NSE:CCL ,CCL PRODUCTS(IND)
NSE:CEATLTD ,CEAT LTD
NSE:CENTURYPLY ,CENTURYPLY LTD
NSE:CENTURYTEX ,CENTURY TEXT & IND
NSE:CGPOWER ,CG POWER AND INDUS
NSE:CHEMFAB ,CHEMFAB ALKALIS
NSE:CIGNITITEC ,CIGNITI TECHNOLOGI
NSE:CIMMCO ,CIMMCO LTD
NSE:CINELINE ,CINELINE INDIA LTD
NSE:CINEVISTA ,CINEVISTA LIMITED
NSE:CKFSL ,COX & KINGS FINANC
NSE:CNOVAPETRO ,CIL NOVA PETROCHEM
NSE:COALINDIA ,COAL INDIA LTD
NSE:COCHINSHIP ,COCHIN SHIPYARD LT
NSE:COFFEEDAY ,COFFEE DAY ENTERPR
NSE:CONCOR ,CONTAINER CORP
NSE:CONFIPET ,CONFIDENCE PETROL
NSE:CONSOFINVT ,CONSOLIDATED FINVE
NSE:CORDSCABLE ,CORDS CABLE INDUST
NSE:COROMANDEL ,COROMANDEL INTL
NSE:CORPBANK ,CORPORATION BANK
NSE:COX_KINGS ,COX & KINGS LTD
NSE:CPSEETF ,RELIANCE NIPPON LI
NSE:CREATIVEYE ,CREATIVE EYE LTD
NSE:CREDITACC ,CREDITACCESS GRAME
NSE:CREST ,CREST VENTURES
NSE:CROMPTON ,CROMPTON GREAVES C
NSE:CUPID ,CUPID LTD(INDIA)
NSE:DAAWAT ,L.T. FOODS LTD
NSE:DABUR ,DABUR INDIA LTD
NSE:DALBHARAT ,DALMIA BHARAT LTD
NSE:DATAMATICS ,DATAMATICS GLOBAL
NSE:DBREALTY ,DB REALTY LTD
NSE:DCMNVL ,DCM NOUVELLE LTD
NSE:DCMSHRIRAM ,DCM SHRIRAM LTD
NSE:DEEPAKFERT ,DEEPAK FERTILISERS
NSE:DGCONTENT ,DIGICONTENT LTD
NSE:DHAMPURSUG ,DHAMPUR SUGAR MILL
NSE:DHFL ,DEWAN HOUSING FIN
NSE:DISHTV ,DISH TV INDIA LTD
NSE:DLF ,DLF LIMITED
NSE:DONEAR ,DONEAR INDUSTRIES
NSE:DREDGECORP ,DREDGING CORP IND
NSE:DRREDDY ,DR REDDYS LABS
NSE:EASUNREYRL ,EASUN REYROLLE LTD
NSE:EIDPARRY ,E.I.D.:PARRY(INDIA
NSE:ELECTCAST ,ELECTROSTEEL CAST
NSE:ELGIEQUIP ,ELGI EQUIPMENT LTD
NSE:EMAMIREAL ,EMAMI REALTY LTD
NSE:ENERGYDEV ,ENERGY DEV CO LTD
NSE:EROSMEDIA ,EROS INTL MEDIA
NSE:ESCORTS ,ESCORTS
NSE:EVEREADY ,EVEREADY INDUSTRIE
NSE:FCL ,FINEOTEX CHEMICAL
NSE:FCSSOFT ,FCS SOFTWARE SOLUT
NSE:FDC ,FDC LTD
NSE:FEDERALBNK ,FED BANK
NSE:FMGOETZE ,FED MOGUL GOETZE
NSE:FSL ,FIRSTSOURCE SOLUTI
NSE:GAIL ,GAIL INDIA LTD
NSE:GATI ,GATI LTD
NSE:GAYAHWS ,GAYATRI HIGHWAYS L
NSE:GEECEE ,GEECEE VENTURES
NSE:GENUSPAPER ,GENUS PAPER AND BO
NSE:GENUSPOWER ,GENUS POWER INFRA
NSE:GESHIP ,GREAT EASTERN SHI
NSE:GFLLIMITED ,GFL LTD
NSE:GFSTEELS ,GRAND FOUNDRY
NSE:GINNIFILA ,GINNI FILAMENTS
NSE:GLAXO ,GLAXO SMITHKLINE P
NSE:GLOBOFFS ,GLOBAL OFFSHORE SE
NSE:GMRINFRA ,GMR INFRASTRUCTURE
NSE:GOENKA ,GOENKA DIAMOND & J
NSE:GOKUL ,GOKUL REFOILS & SO
NSE:GOKULAGRO ,GOKUL AGRO RES LTD
NSE:GOLDIAM ,GOLDIAM INTERNATL
NSE:GPTINFRA ,GPT INFRAPROJECTS
NSE:GRAPHITE ,GRAPHITE INDIA
NSE:GRAVITA ,GRAVITA INDIA LTD
NSE:GREENPLY ,GREENPLY INDUSTRIE
NSE:GRINDWELL ,GRINDWELL NORTON
NSE:GROBTEA ,THE GROB TEA COMPA
NSE:GSCLCEMENT ,GUJARAT SIDHEE CEM
NSE:GSFC ,GUJARAT STATE FER
NSE:GSPL ,GUJARAT STATE PETR
NSE:GTLINFRA ,GTL INFRASTRUCTURE
NSE:GTNIND ,GTN INDUSTRIES LTD
NSE:HARRMALAYA ,HARRISONS MALAYALA
NSE:HDFCAMC ,HDFC ASSET MANAGEM
NSE:HDFCBANK ,HDFC BANK
NSE:HEG ,HEG LIMITED
NSE:HEROMOTOCO ,HERO MOTOCORP LTD
NSE:HEXATRADEX ,HEXA TRADEX LTD
NSE:HIGHGROUND ,HIGH GROUND ENTERP
NSE:HINDALCO ,HINDALCO INDS
NSE:HINDCOMPOS ,HINDUSTAN COMPOSIT
NSE:HINDCOPPER ,HINDUSTAN COPPER
NSE:HINDMOTORS ,HINDUSTAN MOTORS
NSE:HINDNATGLS ,HINDUSTHAN NAT GLA
NSE:HINDPETRO ,HINDUSTAN PETROL
NSE:HISARMETAL ,HISAR METAL INDUST
NSE:HMT ,HMT LTD (INDIA)
NSE:HNDFDS ,HINDUSTAN FOODS
NSE:HONAUT ,HONEYWELL AUTO IND
NSE:HONDAPOWER ,HONDA SIEL POWER
NSE:HSIL ,HSIL LTD
NSE:IBREALEST ,INDIABULLS REAL EST
NSE:IBULHSGFIN ,INDIABULLS HOUSING
NSE:ICICIBANK ,ICICI BANK
NSE:ICICILIQ ,ICICI PRUDENTIAL A
NSE:ICICIMCAP ,ICICI PRUDENTIAL A
NSE:ICICIPRULI ,ICICI PRUDENTIAL L
NSE:ICSA ,I.C.S.A (INDIA) LT
NSE:IDBI ,IDBI BANK LTD
NSE:IDEA ,VODAFONE IDEA LTD
NSE:IDFCFIRSTB ,IDFC FIRST BANK
NSE:IEX ,INDIAN ENERGY EXCH
NSE:IFBAGRO ,IFB AGRO IND
NSE:IFGLEXPOR ,IFGL EXPORTS LTD
NSE:IITL ,INDUSTRIAL INV TRU
NSE:IMFA ,INDIAN METALS & FE
NSE:IMPAL ,INDIA MOTOR PARTS
NSE:INDIACEM ,INDIA CEMENTS
NSE:INDIAGLYCO ,INDIA GLYCOL
NSE:INDIAMART ,INDIAMART INTERMES
NSE:INDIGRID ,INDIA GRID TRUST
NSE:INDOCO ,INDOCO REMEDIES LT
NSE:INDOSOLAR ,INDOSOLAR LTD
NSE:INDOTHAI ,INDO THAI SECURITI
NSE:INDSWFTLAB ,IND SWIFT LABS
NSE:INDSWFTLTD ,IND SWIFT LTD
NSE:INDTERRAIN ,INDIAN TERRAIN FAS
NSE:INDUSINDBK ,INDUSIND BANK LTD
NSE:INEOSSTYRO ,INEOS STYROLUTION
NSE:INFY ,INFOSYS LTD
NSE:INOXLEISUR ,INOX LEISURE LTD
NSE:INTENTECH ,INTENSE TECHNOLOGI
NSE:IOC ,INDIAN OIL CORP
NSE:IPAPPM ,INTERNATIONAL PAPE
NSE:ITC ,ITC
NSE:ITDC ,INDIA TOURISM DEV
NSE:ITI ,ITERIS INC
NSE:IVC ,IL & FS INVESTMENT
NSE:IZMO ,IZMO LIMITED
NSE:JAGRAN ,JAGRAN PRAKASHAN L
NSE:JAIBALAJI ,JAI BALAJI IND
NSE:JAYSREETEA ,JAYSHREE TEA
NSE:JBCHEPHARM ,J.B.CHEMICALS & PH
NSE:JBFIND ,JBF INDUSTRIES
NSE:JINDALSTEL ,JINDAL STEEL & PWR
NSE:JINDRILL ,JINDAL DRILLING
NSE:JKTYRE ,JK TYRE&INDUSTRIES
NSE:JPASSOCIAT ,JAIPRAKASH ASSOCIA
NSE:JSL ,JINDAL STAINLESSBSE:ABCGAS 
NSE:JSWSTEEL ,JSW STEEL LTD
NSE:KALYANIFRG ,KALYANI FORGE
NSE:KHADIM ,KHADIM INDIA LTD
NSE:KSERASERA ,KSS LTD
NSE:L_TFH ,L&T FINANCE HOLDIN
NSE:LAKSHVILAS ,LAKSHMI VILAS BANK
NSE:LALPATHLAB ,DR LAL PATHLABS LT
NSE:LIQUIDETF ,DSP BLACKROCK MUTU
NSE:M_M ,MAHINDRA &MAHINDRA
NSE:MALUPAPER ,MALU PAPER MILLS
NSE:MAN50ETF ,MIRAE ASSET GLOBAL
NSE:MANAKSIA ,MANAKSIA LTD
NSE:MANPASAND ,MANPASAND BEVERAGE
NSE:MANUGRAPH ,MANUGRAPH INDIA LT
NSE:METKORE ,METKORE ALLOYS & I
NSE:MINDTECK ,MINDTECK(INDIA)
NSE:MIRZAINT ,MIRZA INTERNATIONA
NSE:MMTC ,MMTC
NSE:MOHITIND ,MOHIT INDUSTRIES
NSE:MONSANTO ,MONSANTO IND
NSE:MORARJEE ,MORARJEE TEXTILES
NSE:MOTHERSUMI ,MOTHERSON SUMI SYS
NSE:MRPL ,MANGALORE REF &PET
NSE:MUKANDENGG ,MUKAND ENGINEERS
NSE:MUKANDLTD ,MUKAND
NSE:MUKANDLTD.P1 ,MUKAND
NSE:MURUDCERA ,MURUDESHWAR CERAMI
NSE:MVL ,MVL LTD
NSE:NAGAROIL ,NAGARJUNA OIL REFI
NSE:NAGREEKCAP ,NAGREEKA CAPITAL &
NSE:NATIONALUM ,NATIONAL ALUMINUM
NSE:NBCC ,NBCC (INDIA) LTD
NSE:NCC ,NCC LTD
NSE:NCLIND ,NCL INDUSTRIES
NSE:NETWORK18 ,NETWORK 18 MEDIA
NSE:NFL ,NATIONAL FERTILIZE
NSE:NHPC ,NHPC LTD
NSE:NILKAMAL ,NILKAMAL LTD
NSE:NIPPOBATRY ,INDO NATIONAL LTD
NSE:NITCO ,NITCO LIMITED
NSE:NMDC ,NMDC LTD
NSE:NRAIL ,NR AGARWAL IND
NSE:NTPC ,NTPC LTD
NSE:OBEROIRLTY ,OBEROI REALTY LTD
NSE:OILCOUNTUB ,OIL COUNTRY TUBULR
NSE:OMMETALS ,OM METALS INFRAPRO
NSE:ONGC ,OIL & NATURAL GAS
NSE:ONMOBILE ,ONMOBILE GLOBAL LT
NSE:ORIENTABRA ,ORIENT ABRASIVES
NSE:ORIENTBELL ,ORIENT BELL LTD
NSE:ORIENTCEM ,ORIENT CEMENT LTD
NSE:ORISSAMINE ,ORISSA MINERALS DE
NSE:ORTINLABSS ,ORTIN LABORATORIES
NSE:PAGEIND ,PAGE INDUSTRIES LT
NSE:PANACEABIO ,PANACEA BIOTEC LTD
NSE:PARABDRUGS ,PARABOLIC DRUGS
NSE:PATELENG ,PATEL ENGINEERING
NSE:PATSPINLTD ,PATSPIN INDIA
NSE:PCJEWELLER ,PC JEWELLER LIMITE
NSE:PFC ,POWER FINANCE CORP
NSE:PFIZER ,PFIZER LTD
NSE:PFOCUS ,PRIME FOCUS
NSE:PHOENIXLTD ,PHOENIX MILLS
NSE:PIIND ,PI INDUSTRIES
NSE:PITTIENG ,PITTI ENGINEERING
NSE:PNB ,PUNJAB NATL BANK
NSE:PODDARHOUS ,PODDAR HOUSING AND
NSE:POLYCAB ,POLYCAB INDIA LTD
NSE:PONNIERODE ,PONNI SUGARS ERODE
NSE:POWERGRID ,POWER GRID CORP
NSE:PPL ,PRAKASH PIPES LTD
NSE:PRAJIND ,PRAJ INDUSTRIES
NSE:PRAKASHSTL ,PRAKASH STEELAGE
NSE:PRAXIS ,PRAXIS HOME RETAIL
NSE:PREMIER ,PREMIER LTD
NSE:PREMIERPOL ,PREMIER POLYFILM L
NSE:PRESTIGE ,PRESTIGE ESTATES P
NSE:PRICOLLTD ,PRICOL LTD
NSE:PROSEED ,PROSEED INDIA LIMI
NSE:PTC ,PTC INDIA LTD
NSE:RAJRAYON ,RAJ RAYON INDUSTRI
NSE:RAMASTEEL ,RAMA STEEL TUBES
NSE:RBLBANK ,RBL BANK LIMITED
NSE:RCF ,RASHTRIYA CHEM & F
NSE:RECLTD ,REC LTD
NSE:RELCAPITAL ,RELIANCE CAPITAL
NSE:RELIANCE ,RELIANCE INDS
NSE:RELIGARE ,RELIGARE ENTERPRIS
NSE:RELINFRA ,RELIANCE INFRASTRU
NSE:RICOAUTO ,RICO AUTO INDS
NSE:RNAVAL ,RELIANCE N AND E
NSE:RPOWER ,RELIANCE POWER
NSE:RPPINFRA ,R.P.P.INFRA PROJEC
NSE:RTNINFRA ,RATTANINDIA INFRAS
NSE:RTNPOWER ,RATTANINDIA POWER
NSE:RUCHISOYA ,RUCHI SOYA INDUST
NSE:SAIL ,STEEL AUTHOR INDIA
NSE:SALSTEEL ,SAL STEEL LTD
NSE:SALZERELEC ,SALZER ELECTRONICS
NSE:SANCO ,SANCO IND LIMITED
NSE:SANGAMIND ,SANGAM INDIABSE:INFLAME 
NSE:SANGINITA ,SANGINITA CHEMICAL
NSE:SANWARIA ,SANWARIA CONSUMER
NSE:SBILIFE ,SBI LIFE INSURANCE
NSE:SBIN ,STATE BK OF INDIA
NSE:SCAPDVR ,STAMPEDE CAPITAL
NSE:SCI ,SHIPPING CP INDIA
NSE:SEQUENT ,SEQUENT SCIENTIFIC
NSE:SHAHALLOYS ,SHAH ALLOYS
NSE:SHIVATEX ,SHIVA TEXYARN LTD
NSE:SHOPERSTOP ,SHOPPERS STOP
NSE:SIEMENS ,SIEMENS INDIA LTD
NSE:SIMBHALS ,SIMBHAOLI SUGARS L
NSE:SINTEX ,SINTEX INDUSTRIES
NSE:SIS ,SECURITY AND INTEL
NSE:SITINET ,SITI NETWORKS LTD
NSE:SJVN ,SJVN LTD
NSE:SKMEGGPROD ,SKM EGG PRODUCTS
NSE:SMPL ,SPLENDID METAL PRO
NSE:SMSLIFE ,SMS LIFESCIENCES
NSE:SOLARA ,SOLARA ACTIVE PHAR
NSE:SOMATEX ,SOMA TEXTILE & IND
NSE:SOUTHBANK ,SOUTH INDIA BANK
NSE:SPARC ,SUN PHARMA ADV
NSE:SPENTEX ,SPENTEX INDUSTRIES
NSE:SPTL ,SINTEX PLASTICS TE
NSE:SPYL ,SHEKHAWATI POLY
NSE:SREEL ,SREELEATHERS LTD
NSE:SRIPIPES ,SRIKALAHASTHI PIPE
NSE:SRSLTD ,SRS LTD
NSE:STCINDIA ,STATE TRD CORP IND
NSE:STEELCITY ,STEEL CITY SECURIT
NSE:STINDIA ,STI INDIA
NSE:STRTECH ,STERLITE TECH LTD
NSE:SUJANAUNI ,SUJANA UNIV IND
NSE:SUMEETINDS ,SUMEET INDUSTRIES
NSE:SUNDARMHLD ,SUNDARAM FINANCE H
NSE:SUNDRMFAST ,SUNDRAM FASTNERS
NSE:SUNPHARMA ,SUN PHARMACEUTICAL
NSE:SURYALAXMI ,SURYALAKSHMI COTTO
NSE:SUZLON ,SUZLON ENERGY LTD
NSE:SYNCOM ,SYNCOM HEALTHCARE
NSE:TALWALKARS ,TALWALKARS BETTER
NSE:TARMAT ,TARMAT LIMITED
NSE:TATACHEM ,TATA CHEMICALS
NSE:TATAMOTORS ,TATA MOTORS LTD.
NSE:TATAMTRDVR ,TATA MOTORS LTD.
NSE:TATAPOWER ,TATA POWER CO LTD
NSE:TATASTEEL ,TATA STEEL LTD
NSE:TEJASNET ,TEJAS NETWORKS LTD
NSE:TEXINFRA ,TEXMACO INFRA & HO
NSE:TIIL ,TECHNOCRAFT INDUST
NSE:TIJARIA ,TIJARIA POLYPIPES
NSE:TIL ,TIL
NSE:TITAN ,TITAN COMPANY LTD
NSE:TNPETRO ,TAMILNADU PETRO PR
NSE:TREEHOUSE ,TREE HOUSE EDUCATI
NSE:TRF ,TRF LTD
NSE:TTL ,TT LTD
NSE:TTML ,TATA TELESERVICES
NSE:UJJIVAN ,UJJIVAN FIN SERV
NSE:UNICHEMLAB ,UNICHEM LABS
NSE:UNIONBANK ,UNION BK OF INDIA
NSE:UNITY ,UNITY INFRAPROJECT
NSE:UVSL ,UTTAM VALUE STEELS
NSE:VADILALIND ,VADILAL INDUSTRIES
NSE:VAKRANGEE ,VAKRANGEE LTD
NSE:VEDL ,VEDANTA LIMITED
NSE:VIJIFIN ,VIJI FINANCE LTD
NSE:VINDHYATEL ,VINDHYA TELELINKS
NSE:VISESHINFO ,VISESH INFOTECNICS
NSE:VISHNU ,VISHNU CHEMICALS L
NSE:VIVIDHA ,VISAGAR POLYTEX
NSE:WALCHANNAG ,WALCHANDNAGAR IND
NSE:WALCHANNAG ,WALCHANDNAGAR INDNSE:ATNINTER 
NSE:WANBURY ,WANBURY LTD
NSE:WATERBASE ,WATERBASE
NSE:WEIZMANIND ,WEIZMANN
NSE:WELINV ,WELSPUN INVESTMENT
NSE:WINDMACHIN ,WINDSOR MACHINES
NSE:WIPRO ,WIPRO
NSE:WONDERLA ,WONDERLA HOLIDAYS
NSE:WSI ,WS INDUSTRIES(IND)
NSE:XLENERGY ,XL ENERGY LTD
NSE:YESBANK ,YES BANK
NSE:ZEEL ,ZEE ENTERTAIN ENT
NSE:ZEEL.P2 ,ZEE ENTERTAIN ENT
NSE:ZEELEARN ,ZEE LEARN LTD
NSE:ZEEMEDIA ,ZEE MEDIA CORP
NSE:ZENTEC ,ZEN TECHNOLOGIES
NSE:ZICOM ,ZICOM ELECTRONIC S
NSE:ZODIACLOTH ,ZODIAC CLOTH CO
"NSE:TCS ,TATA CONSULTANCY S",
"BSE:TCS ,TATA CONSULTANCY SERVICES LTD.",
"BSE:RELIANCE ,RELIANCE INDUSTRIES LTD.",
"NSE:RELIANCE ,RELIANCE INDS",
"NSE:HDFCBANK ,HDFC BANK",
"BSE:HDFCBANK ,HDFC BANK LTD.",
"NSE:HINDUNILVR ,HINDUSTAN UNILEVER",
"BSE:HINDUNILVR ,HINDUSTAN UNILEVER LTD.",
"NSE:HDFC ,HOUSING DEVEL FIN",
"BSE:HDFC ,HOUSING DEVELOPMENT FINANCE CO",
"BSE:INFY ,INFOSYS LTD.",
"NSE:INFY ,INFOSYS LTD",
"NSE:ITC ,ITC",
"BSE:ITC ,ITC LTD.",
"BSE:KOTAKBANK ,KOTAK MAHINDRA BANK LTD.",
"NSE:KOTAKBANK ,KOTAK MAHINDRA BAN",
"BSE:ICICIBANK ,ICICI BANK LTD.",
"NSE:ICICIBANK ,ICICI BANK",
"BSE:SBIN ,STATE BANK OF INDIA",
"NSE:SBIN ,STATE BK OF INDIA",
"BSE:STAN ,STANDARD CHARTERED PLC",
"NSE:BAJFINANCE ,BAJAJ FINANCE LTD",
"BSE:BAJFINANCE ,BAJAJ FINANCE LIMITED",
"BSE:MARUTI ,MARUTI SUZUKI INDIA LTD.",
"NSE:MARUTI ,MARUTI SUZUKI IND",
"NSE:LT ,LARSEN & TOUBRO",
"BSE:LT ,LARSEN & TOUBRO LTD.",
"NSE:AXISBANK ,AXIS BANK",
"BSE:AXISBANK ,AXIS BANK LTD.",
"BSE:BHARTIARTL ,BHARTI AIRTEL LTD.",
"NSE:BHARTIARTL ,BHARTI AIRTEL LTD",
"NSE:ONGC ,OIL & NATURAL GAS",
"BSE:ONGC ,OIL AND NATURAL GAS CORPORATIO",
"BSE:ASIANPAINT ,ASIAN PAINTS LTD.",
"NSE:ASIANPAINT ,ASIAN PAINTS LTD",
"NSE:HCLTECH ,HCL TECHNOLOGIES",
"BSE:HCLTECH ,HCL TECHNOLOGIES LTD.",
"BSE:WIPRO ,WIPRO LTD.",
"NSE:WIPRO ,WIPRO",
"NSE:NTPC ,NTPC LTD",
"BSE:NTPC ,NTPC LTD.",
"BSE:NESTLEIND ,NESTLE INDIA LTD.",
"NSE:NESTLEIND ,NESTLE INDIA",
"BSE:COALINDIA ,COAL INDIA LTD.",
"NSE:COALINDIA ,COAL INDIA LTD",
"NSE:IOC ,INDIAN OIL CORP",
"BSE:IOC ,INDIAN OIL CORPORATION LTD.",
"BSE:BAJAJFINSV ,BAJAJ FINSERV LTD.",
"NSE:BAJAJFINSV ,BAJAJ FINSERV LTD",
"NSE:ULTRACEMCO ,ULTRATECH CEMENT",
"BSE:ULTRACEMCO ,ULTRATECH CEMENT LTD.",
"BSE:HDFCLIFE ,HDFC LIFE INSURANCE COMPANY LI",
"NSE:HDFCLIFE ,HDFC LIFE INSURANC",
"BSE:POWERGRID ,POWER GRID CORPORATION OF INDI",
"NSE:POWERGRID ,POWER GRID CORP",
"NSE:SUNPHARMA ,SUN PHARMACEUTICAL",
"BSE:SUNPHARMA ,SUN PHARMACEUTICAL INDUSTRIES",
"BSE:TITAN ,TITAN COMPANY LIMITED",
"NSE:TITAN ,TITAN COMPANY LTD",
"BSE:DMART ,AVENUE SUPERMARTS LIMITED",
"NSE:DMART ,AVENUE SUPERMARTS",
"NSE:INDUSINDBK ,INDUSIND BANK LTD",
"BSE:INDUSINDBK ,INDUSIND BANK LTD.",
"NSE:HINDZINC ,HINDUSTAN ZINC",
"BSE:HINDZINC ,HINDUSTAN ZINC LTD.",
"BSE:BPCL ,BHARAT PETROLEUM CORPORATION L",
"NSE:BPCL ,BHARAT PETROL CORP",
"BSE:BAJAJ_AUTO ,BAJAJ AUTO LTD.",
"NSE:BAJAJ_AUTO ,BAJAJ AUTO LTD",
"NSE:DABUR ,DABUR INDIA LTD",
"BSE:DABUR ,DABUR INDIA LTD.",
"BSE:SBILIFE ,SBI LIFE INSURANCE COMPANY LIM",
"NSE:SBILIFE ,SBI LIFE INSURANCE",
"BSE:ADANIPORTS ,ADANI PORTS AND SPECIAL ECONOM",
"NSE:ADANIPORTS ,ADANI PORT SPECIAL",
"NSE:PIDILITIND ,PIDILITE INDUSTRIE",
"BSE:PIDILITIND ,PIDILITE INDUSTRIES LTD.",
"NSE:TECHM ,TECH MAHINDRA",
"BSE:TECHM ,TECH MAHINDRA LTD.",
"NSE:INDIGO ,INTERGLOBE AVIATIO",
"BSE:INDIGO ,INTERGLOBE AVIATION LIMITED",
"BSE:M_M ,MAHINDRA & MAHINDRA LTD.",
"NSE:M_M ,MAHINDRA &MAHINDRA",
"BSE:SHREECEM ,SHREE CEMENT LTD.",
"NSE:SHREECEM ,SHREE CEMENT LTD",
"NSE:BRITANNIA ,BRITANNIA INDS",
"BSE:BRITANNIA ,BRITANNIA INDUSTRIES LTD.",
"BSE:GODREJCP ,GODREJ CONSUMER PRODUCTS LTD.",
"NSE:GODREJCP ,GODREJ CONSUMER PR",
"NSE:ICICIPRULI ,ICICI PRUDENTIAL L",
"BSE:ICICIPRULI ,ICICI PRUDENTIAL LIFE INSURANC",
"NSE:GAIL ,GAIL INDIA LTD",
"BSE:GAIL ,GAIL (INDIA) LTD.",
"NSE:HDFCAMC ,HDFC ASSET MANAGEM",
"BSE:HDFCAMC ,HDFC ASSET MANAGEMENT COMPANY",
"NSE:HEROMOTOCO ,HERO MOTOCORP LTD",
"BSE:HEROMOTOCO ,HERO MOTOCORP LTD.",
"BSE:VEDL ,VEDANTA LIMITED",
"NSE:VEDL ,VEDANTA LIMITED",
"NSE:JSWSTEEL ,JSW STEEL LTD",
