https://www.tradingview.com/symbols/BSE-AARNAV/,AARNAV FASHIONS LIMITED
https://www.tradingview.com/symbols/BSE-ACEWIN/,ACEWIN AGRITECK LIMITED
https://www.tradingview.com/symbols/BSE-ACHAL/,ACHAL INVESTMENTS LTD
https://www.tradingview.com/symbols/BSE-ACML/,ADITYA CONSUMER MARKETING LIMI
https://www.tradingview.com/symbols/BSE-ADITRI/,ADITRI INDUSTRIES LIMITED
https://www.tradingview.com/symbols/BSE-ALCHCORP/,ALCHEMIST CORPORATION LTD.
https://www.tradingview.com/symbols/BSE-ALFL/,ABHINAV LEASING & FINANCE LIMI
https://www.tradingview.com/symbols/BSE-ANJANIFOODS/,ANJANI FOODS LIMITED
https://www.tradingview.com/symbols/BSE-ANSINDUS/,ANS INDUSTRIES LTD
https://www.tradingview.com/symbols/BSE-ARAVALIS/,ARAVALI SECURITIES & FINANCE L
https://www.tradingview.com/symbols/BSE-ARL/,ANAND RAYONS LIMITED
https://www.tradingview.com/symbols/BSE-ARTEMISELC/,ARTEMIS ELECTRICALS LIMITED
https://www.tradingview.com/symbols/BSE-ARYAN/,ARYAN SHARE & STOCK BROKERS LT
https://www.tradingview.com/symbols/BSE-ASINPET/,ASIAN PETROPRODUCTS & EXPORTS
https://www.tradingview.com/symbols/BSE-ATHARVENT/,ATHARV ENTERPRISES LTD.
https://www.tradingview.com/symbols/BSE-BSLRIFS2RG/,ADITYA BIRLA SUN LIFE MUTUAL F
https://www.tradingview.com/symbols/BSE-CCCL/,CONSOLIDATED CONSTRUCTION CONS
https://www.tradingview.com/symbols/BSE-CHDCHEM/,CHD CHEMICALS LIMITED
https://www.tradingview.com/symbols/BSE-CINERAD/,CINERAD COMMUNICATIONS LTD.
https://www.tradingview.com/symbols/BSE-CISTRO/,CISTRO TELELINK LTD.
https://www.tradingview.com/symbols/BSE-CITYONLINE/,CITY ONLINE SERVICES LIMITED
https://www.tradingview.com/symbols/BSE-CNIRESLTD/,CNI RESEARCH LTD.
https://www.tradingview.com/symbols/BSE-CONTCHM/,CONTINENTAL CHEMICALS LTD.
https://www.tradingview.com/symbols/BSE-COVIDH/,COVIDH
https://www.tradingview.com/symbols/BSE-CRMFGETF/,CANARA ROBECO MUTUAL FUND - CA
https://www.tradingview.com/symbols/BSE-CRSTCHM/,CRESTCHEM LTD.
https://www.tradingview.com/symbols/BSE-CYBERMEDIA/,CYBER MEDIA (INDIA) LTD.
https://www.tradingview.com/symbols/BSE-DEVKI/,DEVKI LEASING & FINANCE LTD.
https://www.tradingview.com/symbols/BSE-DHRUVES/,DHRUV ESTATES LTD.
https://www.tradingview.com/symbols/BSE-DYNAMICP/,DYNAMIC PORTFOLIO MANAGEMENT &
https://www.tradingview.com/symbols/BSE-ELANGO/,ELANGO INDUSTRIES LTD.
https://www.tradingview.com/symbols/BSE-EMERALL/,EMERALD LEISURES LIMITED
https://www.tradingview.com/symbols/BSE-EPIC/,EPIC ENERGY LTD.
https://www.tradingview.com/symbols/BSE-EUROCERA/,EURO CERAMICS LTD.
https://www.tradingview.com/symbols/BSE-FMEC/,F MEC INTERNATIONAL FINANCIAL
https://www.tradingview.com/symbols/BSE-FRONTBUSS/,FRONTLINE BUSINESS SOLUTIONS L
https://www.tradingview.com/symbols/BSE-FRONTCORP/,FRONTLINE CORPORATION LTD.
https://www.tradingview.com/symbols/BSE-GARGFUR/,GARG FURNACE LTD.
https://www.tradingview.com/symbols/BSE-GEMSI/,GEMSTONE INVESTMENTS LTD.
https://www.tradingview.com/symbols/BSE-GENERAAGRI/,GENERA AGRI CORP LTD
https://www.tradingview.com/symbols/NSE-GFSTEELS/,GRAND FOUNDRY
https://www.tradingview.com/symbols/BSE-GLANCE/,GLANCE FINANCE LTD.
https://www.tradingview.com/symbols/BSE-GOGIACAP/,GOGIA CAPITAL SERVICES LIMITED
https://www.tradingview.com/symbols/BSE-GRANDFONRY/,GRAND FOUNDRY LTD.
https://www.tradingview.com/symbols/BSE-HEMANG/,HEMANG RESOURCES LIMITED
https://www.tradingview.com/symbols/BSE-HEMORGANIC/,HEMO ORGANIC LIMITED
https://www.tradingview.com/symbols/BSE-HIGHSTREE/,HIGH STREET FILATEX LTD.
https://www.tradingview.com/symbols/BSE-IBRIGST/,INDIAN BRIGHT STEEL CO.LTD.
https://www.tradingview.com/symbols/BSE-INANISEC/,INANI SECURITIES LTD.
https://www.tradingview.com/symbols/BSE-INCON/,INCON ENGINEERS LTD.
https://www.tradingview.com/symbols/BSE-INDOPACIFIC/,INDO PACIFIC PROJECTS LIMITED
https://www.tradingview.com/symbols/BSE-INDOVATION/,INDOVATION TECHNOLOGIES LTD.
https://www.tradingview.com/symbols/BSE-INFRAIND/,INFRA INDUSTRIES LTD.
https://www.tradingview.com/symbols/BSE-INNOVATIVE/,INNOVATIVE IDEALS AND SERVICES
https://www.tradingview.com/symbols/BSE-INTEGRA/,INTEGRA GARMENTS AND TEXTILES
https://www.tradingview.com/symbols/BSE-IPRU3169/,ICICI PRUDENTIAL MUTUAL FUND
https://www.tradingview.com/symbols/BSE-JAIHINDS/,JAIHIND SYNTHETICS LTD.
https://www.tradingview.com/symbols/BSE-JAINCO/,JAINCO PROJECTS (INDIA) LTD.
https://www.tradingview.com/symbols/BSE-JAINEX/,JAINEX AAMCOL LTD.
https://www.tradingview.com/symbols/NSE-JBCHEPHARM/,J.B.CHEMICALS & PH
https://www.tradingview.com/symbols/BSE-JDML/,JASH DEALMARK LIMITED
https://www.tradingview.com/symbols/BSE-JHACC/,JHAVERI CREDITS & CAPITAL LTD.
https://www.tradingview.com/symbols/BSE-KACHCHH/,KACHCHH MINERALS LTD.
https://www.tradingview.com/symbols/BSE-KACL/,KAISER CORPORATION LIMITED
https://www.tradingview.com/symbols/BSE-KAMRLAB/,KAMRON LABORATORIES LTD.
https://www.tradingview.com/symbols/BSE-KAPASHI/,KAPASHI COMMERCIALS LTD.
https://www.tradingview.com/symbols/BSE-KATRSPG/,KATARE SPINNING MILLS LTD.
https://www.tradingview.com/symbols/BSE-KAVITIND/,KAVIT INDUSTRIES LIMITED
https://www.tradingview.com/symbols/BSE-KHAITANELE/,KHAITAN ELECTRICALS LTD.
https://www.tradingview.com/symbols/BSE-KPL/,KWALITY PHARMACEUTICALS LIMITE
https://www.tradingview.com/symbols/BSE-KSLIND/,KSL AND INDUSTRIES LTD.
https://www.tradingview.com/symbols/BSE-KTKIND4RG/,KOTAK MAHINDRA MUTUAL FUND
https://www.tradingview.com/symbols/BSE-LADIAMO/,LASER DIAMONDS LTD.
https://www.tradingview.com/symbols/BSE-LAHL/,LADAM AFFORTABLE HOUSING LIMIT
https://www.tradingview.com/symbols/NSE-LALPATHLAB/,DR LAL PATHLABS LT
https://www.tradingview.com/symbols/BSE-LALPATHLAB/,DR. LAL PATHLABS LIMITED
https://www.tradingview.com/symbols/BSE-LEDOTEA/,LEDO TEA CO.LTD.
https://www.tradingview.com/symbols/BSE-LERTHAI/,LERTHAI FINANCE LIMITED
https://www.tradingview.com/symbols/BSE-LIKHAMI/,LIKHAMI CONSULTING LIMITED
https://www.tradingview.com/symbols/NSE-LIQUIDETF/,DSP BLACKROCK MUTU
https://www.tradingview.com/symbols/BSE-LOHIASEC/,LOHIA SECURITIES LTD.
https://www.tradingview.com/symbols/BSE-LWSKNIT/,LWS KNITWEAR LTD.
https://www.tradingview.com/symbols/BSE-MADHURIND/,MADHUR INDUSTRIES LTD.
https://www.tradingview.com/symbols/BSE-MADHUSE/,MADHUSUDAN SECURITIES LTD.
https://www.tradingview.com/symbols/BSE-MAHALXSE/,MAHALAXMI SEAMLESS LTD.
https://www.tradingview.com/symbols/BSE-MANAS/,MANAS PROPERTIES LIMITED
https://www.tradingview.com/symbols/BSE-MANVIJAY/,MANVIJAY DEVELOPMENT COMPANY L
https://www.tradingview.com/symbols/BSE-MARGOFIN/,MARGO FINANCE LIMITED
https://www.tradingview.com/symbols/BSE-MAVIIND/,MAVI INDUSTRIES LTD.
https://www.tradingview.com/symbols/BSE-MEFCOM/,MEFCOM AGRO INDUSTRIES LTD.
https://www.tradingview.com/symbols/BSE-MILESTONE/,MILESTONE GLOBAL LTD.
https://www.tradingview.com/symbols/BSE-MIRCH/,MIRCH TECHNOLOGIES (INDIA) LTD
https://www.tradingview.com/symbols/BSE-MITSHI/,MITSHI INDIA LIMITED
https://www.tradingview.com/symbols/BSE-MUKATPIP/,MUKAT PIPES LTD.
https://www.tradingview.com/symbols/BSE-MULLER/,MULLER & PHIPPS (INDIA) LTD.
https://www.tradingview.com/symbols/BSE-MUNCAPM/,MUNOTH CAPITAL MARKET LTD.
https://www.tradingview.com/symbols/BSE-NAM/,NAM SECURITIES LTD
https://www.tradingview.com/symbols/BSE-NARPROP/,NARENDRA PROPERTIES LTD.
https://www.tradingview.com/symbols/BSE-NATGENI/,NATIONAL GENERAL INDUSTRIES LT
https://www.tradingview.com/symbols/BSE-NAVKETAN/,NAVKETAN MERCHANTS LIMITED
https://www.tradingview.com/symbols/BSE-NDASEC/,NDA SECURITIES LTD.
https://www.tradingview.com/symbols/BSE-NEGOTIUM/,NEGOTIUM INTERNATIONAL TRADE L
https://www.tradingview.com/symbols/BSE-NIDL/,NARENDRA INVESTMENTS (DELHI) L
https://www.tradingview.com/symbols/BSE-NIMBSPROJ/,NIMBUS PROJECTS LTD.
https://www.tradingview.com/symbols/BSE-NOUVEAU/,NOUVEAU GLOBAL VENTURES LTD.
https://www.tradingview.com/symbols/BSE-NUTECGLOB/,NUTECH GLOBAL LTD.
https://www.tradingview.com/symbols/BSE-OCEANIC/,OCEANIC FOODS LIMITED
https://www.tradingview.com/symbols/BSE-OROSMITHS/,OROSIL SMITHS INDIA LTD.
https://www.tradingview.com/symbols/BSE-OSCAR/,OSCAR INVESTMENTS LTD.
https://www.tradingview.com/symbols/BSE-OTCO/,OTCO INTERNATIONAL LTD.
https://www.tradingview.com/symbols/BSE-PALSOFT/,PALSOFT INFOSYSTEMS LTD.
https://www.tradingview.com/symbols/BSE-PANORAMA/,PANORAMA STUDIOS INTERNATIONAL
https://www.tradingview.com/symbols/BSE-PASUFIN/,PASUPATI FINCAP LTD.
https://www.tradingview.com/symbols/BSE-PASUSPG/,PASUPATI SPG.& WVG.MILLS LTD.
https://www.tradingview.com/symbols/BSE-PIIND/,P.I.INDUSTRIES LTD.
https://www.tradingview.com/symbols/NSE-PIIND/,PI INDUSTRIES
https://www.tradingview.com/symbols/BSE-POLTC/,POLYGENTA TECHNOLOGIES LTD.
https://www.tradingview.com/symbols/BSE-POOJAENT/,POOJA ENTERTAINMENT AND FILMS
https://www.tradingview.com/symbols/BSE-PRATIK/,PRATIK PANELS LTD.
https://www.tradingview.com/symbols/BSE-PREMPIPES/,PREMIER PIPES LTD.
https://www.tradingview.com/symbols/BSE-PULSRIN/,PULSAR INTERNATIONAL LTD.
https://www.tradingview.com/symbols/BSE-QUANTBUILD/,QUANTUM BUILD-TECH LTD
https://www.tradingview.com/symbols/BSE-QUASAR/,QUASAR INDIA LTD
https://www.tradingview.com/symbols/BSE-QUEST/,QUEST SOFTECH (INDIA) LTD
https://www.tradingview.com/symbols/BSE-RAGHUNAT/,RAGHUNATH INTERNATIONAL LTD.
https://www.tradingview.com/symbols/BSE-RAINBOWDQ/,RAINBOW DENIM LTD.
https://www.tradingview.com/symbols/BSE-RAJABAH/,RAJA BAHADUR INTERNATIONAL LTD
https://www.tradingview.com/symbols/BSE-RAJNISH/,RAJNISH WELLNESS LIMITED
https://www.tradingview.com/symbols/BSE-RCL/,RADHAGOBIND COMMERCIAL LIMITED
https://www.tradingview.com/symbols/BSE-REALNEWS/,REAL NEWS & VIEWS LIMITED
https://www.tradingview.com/symbols/BSE-REDEXPR/,REDEX PROTECH LTD.
https://www.tradingview.com/symbols/BSE-REGTRUS/,REGENCY TRUST LTD.
https://www.tradingview.com/symbols/BSE-RELSTRUCT/,RELSTRUCT BUILDCON LIMITED
https://www.tradingview.com/symbols/BSE-RJSHAH/,R.J.SHAH & CO.LTD.
https://www.tradingview.com/symbols/BSE-RRFIN/,RR FINANCIAL CONSULTANTS LTD.
https://www.tradingview.com/symbols/BSE-RSTL/,RIDDHI STEEL AND TUBE LIMITED
https://www.tradingview.com/symbols/BSE-RUCHINDLTD/,RUCHIKA INDUSTRIES INDIA LIMIT
https://www.tradingview.com/symbols/BSE-SAGAR/,SAGAR DIAMONDS LIMITED
https://www.tradingview.com/symbols/BSE-SAHYOGMULT/,SAHYOG MULTIBASE LIMITED
https://www.tradingview.com/symbols/BSE-SALSAIN/,SHREE SALASAR INVESTMENT LTD.
https://www.tradingview.com/symbols/BSE-SANGFROID/,SANG FROID LABS (INDIA) LIMITE
https://www.tradingview.com/symbols/NSE-SANGINITA/,SANGINITA CHEMICAL
https://www.tradingview.com/symbols/BSE-SANTETX/,SANRHEA TECHNICAL TEXTILES LTD
https://www.tradingview.com/symbols/BSE-SAPL/,SAR AUTO PRODUCTS LIMITED
https://www.tradingview.com/symbols/BSE-SBECSUG/,SBEC SUGAR LTD.
https://www.tradingview.com/symbols/BSE-SCANPRO/,SCAN PROJECTS LTD.
https://www.tradingview.com/symbols/BSE-SFIVL/,SPRING FIELDS INFRAVENTURES LI
https://www.tradingview.com/symbols/BSE-SFPIL/,SQUARE FOUR PROJECTS INDIA LIM
https://www.tradingview.com/symbols/BSE-SGIL/,SYNERGY GREEN INDUSTRIES LIMIT
https://www.tradingview.com/symbols/BSE-SHESHAINDS/,SHESHADRI INDUSTRIES LIMITED
https://www.tradingview.com/symbols/BSE-SHGANEL/,SHREE GANESH ELASTOPLAST LTD.
https://www.tradingview.com/symbols/BSE-SHREEGANES/,SHREE GANESH BIOTECH (INDIA) L
https://www.tradingview.com/symbols/BSE-SHREMETAL/,SHREE METALLOYS LTD.
https://www.tradingview.com/symbols/BSE-SHUBHAM/,SHUBHAM POLYSPIN LIMITED
https://www.tradingview.com/symbols/BSE-SHYMINV/,SHYAMKAMAL INVESTMENTS LTD.
https://www.tradingview.com/symbols/BSE-SKUMAR/,S KUMARS.COM LTD.
https://www.tradingview.com/symbols/BSE-SOFCOM/,SOFCOM SYSTEMS LIMITED
https://www.tradingview.com/symbols/BSE-SOLCT/,SOLID CARBIDE TOOLS LTD.
https://www.tradingview.com/symbols/BSE-SOUTLAT/,SOUTHERN LATEX LTD.
https://www.tradingview.com/symbols/BSE-SPS/,SPS FINQUEST LTD
https://www.tradingview.com/symbols/BSE-SRD/,SHANKAR LAL RAMPAL DYE-CHEM LI
https://www.tradingview.com/symbols/BSE-SRGSFL/,S R G SECURITIES FINANCE LTD
https://www.tradingview.com/symbols/BSE-STELLANT/,STELLANT SECURITIES (INDIA) LT
https://www.tradingview.com/symbols/BSE-STURDY/,STURDY INDUSTRIES LTD.
https://www.tradingview.com/symbols/BSE-SUMERUIND/,SUMERU INDUSTRIES LTD.
https://www.tradingview.com/symbols/BSE-SUPERSHAKT/,SUPERSHAKTI METALIKS LIMITED
https://www.tradingview.com/symbols/BSE-SVCRES/,SVC RESOURCES LIMITED
https://www.tradingview.com/symbols/BSE-SYNTHFO/,SYNTHIKO FOILS LTD.
https://www.tradingview.com/symbols/BSE-TAAZAINT/,TAAZA INTERNATIONAL LTD
https://www.tradingview.com/symbols/BSE-TAPARIA/,TAPARIA TOOLS LTD.
https://www.tradingview.com/symbols/BSE-TCMLMTD/,TCM LTD.
https://www.tradingview.com/symbols/BSE-THAKRAL/,THAKRAL SERVICES (INDIA) LTD.
https://www.tradingview.com/symbols/BSE-TOKYOFIN/,TOKYO FINANCE LTD.
https://www.tradingview.com/symbols/BSE-TOWASOK/,TOWA SOKKI LTD.
https://www.tradingview.com/symbols/BSE-TRANSASIA/,TRANS ASIA CORPORATION LTD.
https://www.tradingview.com/symbols/BSE-TRIOMERC/,TRIO MERCANTILE & TRADING LTD.
https://www.tradingview.com/symbols/BSE-TRL/,TAYLORMADE RENEWABLES LIMITED
https://www.tradingview.com/symbols/BSE-UNIAUTO/,UNIVERSAL AUTOFOUNDRY LIMITED
https://www.tradingview.com/symbols/BSE-UNISHIRE/,UNISHIRE URBAN INFRA LTD
https://www.tradingview.com/symbols/BSE-VARDHCH/,VARDHAMAN LABORATORIES LTD.
https://www.tradingview.com/symbols/BSE-VARDHMAN/,VARDHMAN CONCRETE LIMITED
https://www.tradingview.com/symbols/BSE-VISVEN/,VISHVPRABHA VENTURES LIMITED
https://www.tradingview.com/symbols/BSE-VIVIDM/,VIVID MERCANTILE LIMITED
https://www.tradingview.com/symbols/BSE-VJTFEDU/,VJTF EDUSERVICES LTD.
https://www.tradingview.com/symbols/BSE-VYAPAR/,VYAPAR INDUSTRIES LTD.
https://www.tradingview.com/symbols/BSE-WAA/,WAA SOLAR LIMITED
https://www.tradingview.com/symbols/NSE-WATERBASE/,WATERBASE
https://www.tradingview.com/symbols/BSE-WORTH/,WORTH INVESTMENT & TRADING CO
https://www.tradingview.com/symbols/BSE-ZBINTXPP/,BINAYAK TEX PROCESSORS LTD.
https://www.tradingview.com/symbols/BSE-ZHINDHSG/,HINDUSTAN HOUSING CO.LTD.
https://www.tradingview.com/symbols/BSE-ZKHANDEN/,KHANDELWAL EXTRACTION LTD.
https://www.tradingview.com/symbols/BSE-ZSARACOM/,SARASWATI COMMERCIAL (INDIA) L