https://www.tradingview.com/symbols/BSE-WAA/,WAA SOLAR LIMITED
https://www.tradingview.com/symbols/NSE-SMSLIFE/,SMS LIFESCIENCES
https://www.tradingview.com/symbols/NSE-ITDC/,INDIA TOURISM DEV
https://www.tradingview.com/symbols/BSE-IFBAGRO/,IFB AGRO INDUSTRIES LTD.
https://www.tradingview.com/symbols/BSE-SMSLIFE/,SMS LIFESCIENCES INDIA LTD
https://www.tradingview.com/symbols/NSE-IFBAGRO/,IFB AGRO IND
https://www.tradingview.com/symbols/BSE-ITDC/,INDIA TOURISM DEVELOPMENT CORP
https://www.tradingview.com/symbols/BSE-ARIES/,ARIES AGRO LTD.
https://www.tradingview.com/symbols/NSE-ARIES/,ARIES AGRO LTD
https://www.tradingview.com/symbols/BSE-FRANKLIN/,FRANKLIN LEASING AND FINANCE L
https://www.tradingview.com/symbols/NSE-MUKANDLTD.P1/,MUKAND
https://www.tradingview.com/symbols/BSE-CONFIPET/,CONFIDENCE PETROLEUM INDIA LTD
https://www.tradingview.com/symbols/BSE-RASIELEC/,RASI ELECTRODES LTD.
https://www.tradingview.com/symbols/BSE-SABOOSOD/,SABOO SODIUM CHLORO LTD.
https://www.tradingview.com/symbols/NSE-CONFIPET/,CONFIDENCE PETROL
https://www.tradingview.com/symbols/BSE-STCINDIA/,STATE TRADING CORPORATION OF I
https://www.tradingview.com/symbols/NSE-MANUGRAPH/,MANUGRAPH INDIA LT
https://www.tradingview.com/symbols/NSE-STCINDIA/,STATE TRD CORP IND
https://www.tradingview.com/symbols/BSE-VISHNU/,VISHNU CHEMICALS LTD.
https://www.tradingview.com/symbols/NSE-VISHNU/,VISHNU CHEMICALS L
https://www.tradingview.com/symbols/BSE-MUKANDENGG/,MUKAND ENGINEERS LTD.
https://www.tradingview.com/symbols/BSE-MMTC/,MMTC LTD.
https://www.tradingview.com/symbols/BSE-PFOCUS/,PRIME FOCUS LTD.
https://www.tradingview.com/symbols/NSE-MMTC/,MMTC
https://www.tradingview.com/symbols/NSE-MUKANDENGG/,MUKAND ENGINEERS
https://www.tradingview.com/symbols/BSE-CAREERP/,CAREER POINT LTD.
https://www.tradingview.com/symbols/NSE-GLOBOFFS/,GLOBAL OFFSHORE SE
https://www.tradingview.com/symbols/BSE-AVONMORE/,AVONMORE CAPITAL & MANAGEMENT
https://www.tradingview.com/symbols/BSE-GLOBOFFS/,GLOBAL OFFSHORE SERVICES LTD.
https://www.tradingview.com/symbols/NSE-CAREERP/,CAREER POINT LTD
https://www.tradingview.com/symbols/BSE-MANUGRAPH/,MANUGRAPH INDIA LTD.
https://www.tradingview.com/symbols/BSE-KDML/,KHEMANI DISTRIBUTORS & MARKETI
https://www.tradingview.com/symbols/BSE-JKAGRI/,JK AGRI GENETICS LTD
https://www.tradingview.com/symbols/BSE-KHADIM/,KHADIM INDIA LIMITED
https://www.tradingview.com/symbols/NSE-KHADIM/,KHADIM INDIA LTD
https://www.tradingview.com/symbols/BSE-ARMANFIN/,ARMAN FINANCIAL SERVICES LTD.
https://www.tradingview.com/symbols/BSE-AEL/,AMBA ENTERPRISES LTD.
https://www.tradingview.com/symbols/BSE-HINDCOPPER/,HINDUSTAN COPPER LTD.
https://www.tradingview.com/symbols/NSE-HINDCOPPER/,HINDUSTAN COPPER
https://www.tradingview.com/symbols/NSE-PFOCUS/,PRIME FOCUS
https://www.tradingview.com/symbols/BSE-MINDTECK/,MINDTECK (INDIA) LTD.
https://www.tradingview.com/symbols/NSE-SUMEETINDS/,SUMEET INDUSTRIES
https://www.tradingview.com/symbols/BSE-RICOAUTO/,RICO AUTO INDUSTRIES LTD.
https://www.tradingview.com/symbols/NSE-RICOAUTO/,RICO AUTO INDS
https://www.tradingview.com/symbols/BSE-HINDMOTORS/,HINDUSTAN MOTORS LTD.
https://www.tradingview.com/symbols/BSE-BIBCL/,BHARAT IMMUNOLOGICALS & BIOLOG
https://www.tradingview.com/symbols/BSE-SUMEETINDS/,SUMEET INDUSTRIES LTD.
https://www.tradingview.com/symbols/NSE-HINDMOTORS/,HINDUSTAN MOTORS
https://www.tradingview.com/symbols/BSE-JASCH/,JASCH INDUSTRIES LTD.
https://www.tradingview.com/symbols/BSE-COMFINCAP/,COMFORT FINCAP LTD.
https://www.tradingview.com/symbols/NSE-NITCO/,NITCO LIMITED
https://www.tradingview.com/symbols/BSE-INDOTHAI/,INDO THAI SECURITIES LTD.
https://www.tradingview.com/symbols/NSE-SHAHALLOYS/,SHAH ALLOYS
https://www.tradingview.com/symbols/BSE-WEPSOLN/,WEP SOLUTIONS LTD.
https://www.tradingview.com/symbols/BSE-SREEL/,SREELEATHERS LTD.
https://www.tradingview.com/symbols/BSE-ANDREWYU/,ANDREW YULE & COMPANY LTD.
https://www.tradingview.com/symbols/BSE-CIFL/,CAPITAL INDIA FINANCE LIMITED
https://www.tradingview.com/symbols/BSE-NITCO/,NITCO LTD.
https://www.tradingview.com/symbols/NSE-SREEL/,SREELEATHERS LTD
https://www.tradingview.com/symbols/BSE-AIMCOPEST/,AIMCO PESTICIDES LTD.
https://www.tradingview.com/symbols/NSE-PANACEABIO/,PANACEA BIOTEC LTD
https://www.tradingview.com/symbols/NSE-PREMIERPOL/,PREMIER POLYFILM L
https://www.tradingview.com/symbols/BSE-PANACEABIO/,PANACEA BIOTEC LTD.
https://www.tradingview.com/symbols/BSE-RATHIBAR/,RATHI BARS LTD.
https://www.tradingview.com/symbols/BSE-KHAICHEM/,KHAITAN CHEMICALS & FERTILIZER
https://www.tradingview.com/symbols/NSE-MINDTECK/,MINDTECK(INDIA)
https://www.tradingview.com/symbols/NSE-INDOTHAI/,INDO THAI SECURITI
https://www.tradingview.com/symbols/NSE-BIRLAMONEY/,ADITYA BIRLA MONEY
https://www.tradingview.com/symbols/NSE-MANAKSIA/,MANAKSIA LTD
https://www.tradingview.com/symbols/NSE-MAN50ETF/,MIRAE ASSET GLOBAL
https://www.tradingview.com/symbols/BSE-BIRLAMONEY/,ADITYA BIRLA MONEY LTD.
https://www.tradingview.com/symbols/BSE-DUKEOFS/,DUKE OFFSHORE LTD.
https://www.tradingview.com/symbols/BSE-MANAKSIA/,MANAKSIA LTD.
https://www.tradingview.com/symbols/BSE-SALSTEEL/,S.A.L.STEEL LTD.
https://www.tradingview.com/symbols/BSE-ALLSEC/,ALLSEC TECHNOLOGIES LTD.
https://www.tradingview.com/symbols/NSE-AIRAN/,AIRAN LTD
https://www.tradingview.com/symbols/BSE-GTNTEX/,GTN TEXTILES LTD.
https://www.tradingview.com/symbols/NSE-DCMNVL/,DCM NOUVELLE LTD
https://www.tradingview.com/symbols/NSE-BALKRISHNA/,BALKRISHNA PAPER M
https://www.tradingview.com/symbols/BSE-FCL/,FINEOTEX CHEMICAL LTD.
https://www.tradingview.com/symbols/BSE-SOMICONV/,SOMI CONVEYOR BELTINGS LTD.
https://www.tradingview.com/symbols/NSE-SALSTEEL/,SAL STEEL LTD
https://www.tradingview.com/symbols/NSE-DREDGECORP/,DREDGING CORP IND
https://www.tradingview.com/symbols/NSE-TIJARIA/,TIJARIA POLYPIPES
https://www.tradingview.com/symbols/BSE-SHAHALLOYS/,SHAH ALLOYS LTD.
https://www.tradingview.com/symbols/NSE-ALLSEC/,ALLSEC TECHNOLOGIE
https://www.tradingview.com/symbols/BSE-YASHPPR/,YASH PAPERS LTD.
https://www.tradingview.com/symbols/BSE-DREDGECORP/,DREDGING CORPORATION OF INDIA
https://www.tradingview.com/symbols/BSE-ONMOBILE/,ONMOBILE
https://www.tradingview.com/symbols/BSE-TIJARIA/,TIJARIA POLYPIPES LTD.
https://www.tradingview.com/symbols/NSE-FCL/,FINEOTEX CHEMICAL
https://www.tradingview.com/symbols/NSE-ARMANFIN/,ARMAN FINANCIAL SE
https://www.tradingview.com/symbols/BSE-TRF/,TRF LTD.
https://www.tradingview.com/symbols/NSE-PRAXIS/,PRAXIS HOME RETAIL
https://www.tradingview.com/symbols/BSE-DENISCHEM/,DENIS CHEM LAB LTD
https://www.tradingview.com/symbols/NSE-ONMOBILE/,ONMOBILE GLOBAL LT
https://www.tradingview.com/symbols/BSE-MURUDCERA/,MURUDESHWAR CERAMICS LTD.
https://www.tradingview.com/symbols/NSE-MURUDCERA/,MURUDESHWAR CERAMI
https://www.tradingview.com/symbols/BSE-KILPEST/,KILPEST INDIA LTD.
https://www.tradingview.com/symbols/NSE-SANGAMIND/,SANGAM INDIA